id_notification,id_user,title,message,type,is_read,created_at
1,852,Test Results Ready,Test Results Ready: Please check your patient portal for details.,reminder,False,2024-02-17
2,1135,Health Tip,Health Tip: Please check your patient portal for details.,warning,True,2023-10-07
3,510,Follow-up Required,Follow-up Required: Please check your patient portal for details.,reminder,True,2024-03-23
4,715,Payment Due,Payment Due: Please check your patient portal for details.,alert,True,2023-09-29
5,1073,System Update,System Update: Please check your patient portal for details.,alert,False,2025-09-18
6,755,Follow-up Required,Follow-up Required: Please check your patient portal for details.,warning,True,2024-03-28
7,1121,Appointment Reminder,Appointment Reminder: Please check your patient portal for details.,info,True,2024-04-21
8,956,Payment Due,Payment Due: Please check your patient portal for details.,info,True,2025-01-18
9,936,New Message from Doctor,New Message from Doctor: Please check your patient portal for details.,info,True,2024-09-28
10,183,Lab Results Available,Lab Results Available: Please check your patient portal for details.,info,False,2025-12-18
11,222,Payment Due,Payment Due: Please check your patient portal for details.,warning,True,2023-05-22
12,725,Consultation Scheduled,Consultation Scheduled: Please check your patient portal for details.,reminder,True,2026-01-28
13,151,Lab Results Available,Lab Results Available: Please check your patient portal for details.,reminder,False,2025-04-09
14,692,Appointment Reminder,Appointment Reminder: Please check your patient portal for details.,info,False,2024-02-18
15,919,Test Results Ready,Test Results Ready: Please check your patient portal for details.,info,False,2025-06-18
16,281,Lab Results Available,Lab Results Available: Please check your patient portal for details.,reminder,True,2023-03-20
17,1141,Lab Results Available,Lab Results Available: Please check your patient portal for details.,info,True,2026-03-30
18,543,Follow-up Required,Follow-up Required: Please check your patient portal for details.,warning,True,2023-03-14
19,285,New Message from Doctor,New Message from Doctor: Please check your patient portal for details.,alert,True,2023-10-11
20,29,Payment Due,Payment Due: Please check your patient portal for details.,reminder,False,2026-03-04
21,593,Prescription Renewal,Prescription Renewal: Please check your patient portal for details.,alert,False,2024-01-22
22,1134,Appointment Reminder,Appointment Reminder: Please check your patient portal for details.,warning,False,2024-02-09
23,338,Payment Due,Payment Due: Please check your patient portal for details.,alert,False,2024-04-08
24,206,Lab Results Available,Lab Results Available: Please check your patient portal for details.,reminder,True,2023-06-12
25,126,New Message from Doctor,New Message from Doctor: Please check your patient portal for details.,reminder,True,2026-05-07
26,1031,New Message from Doctor,New Message from Doctor: Please check your patient portal for details.,info,False,2023-08-11
27,546,Prescription Renewal,Prescription Renewal: Please check your patient portal for details.,alert,False,2023-10-02
28,453,Appointment Reminder,Appointment Reminder: Please check your patient portal for details.,alert,False,2025-02-20
29,230,Follow-up Required,Follow-up Required: Please check your patient portal for details.,warning,True,2025-11-02
30,130,Payment Due,Payment Due: Please check your patient portal for details.,alert,False,2023-10-03
31,1107,System Update,System Update: Please check your patient portal for details.,reminder,False,2023-04-15
32,729,Health Tip,Health Tip: Please check your patient portal for details.,reminder,False,2024-06-15
33,505,Health Tip,Health Tip: Please check your patient portal for details.,reminder,False,2024-11-19
34,274,Health Tip,Health Tip: Please check your patient portal for details.,alert,True,2024-09-17
35,684,System Update,System Update: Please check your patient portal for details.,alert,True,2024-01-19
36,590,Test Results Ready,Test Results Ready: Please check your patient portal for details.,reminder,False,2023-02-24
37,573,Prescription Renewal,Prescription Renewal: Please check your patient portal for details.,info,True,2023-01-20
38,231,Follow-up Required,Follow-up Required: Please check your patient portal for details.,alert,True,2023-08-13
39,970,New Message from Doctor,New Message from Doctor: Please check your patient portal for details.,reminder,False,2025-01-31
40,428,System Update,System Update: Please check your patient portal for details.,info,False,2025-06-20
41,1120,Payment Due,Payment Due: Please check your patient portal for details.,alert,True,2025-06-01
42,362,Consultation Scheduled,Consultation Scheduled: Please check your patient portal for details.,warning,False,2024-05-09
43,18,Appointment Reminder,Appointment Reminder: Please check your patient portal for details.,warning,False,2024-12-20
44,401,System Update,System Update: Please check your patient portal for details.,reminder,True,2025-01-26
45,820,Consultation Scheduled,Consultation Scheduled: Please check your patient portal for details.,alert,False,2024-03-22
46,217,Prescription Renewal,Prescription Renewal: Please check your patient portal for details.,reminder,True,2024-09-29
47,742,Health Tip,Health Tip: Please check your patient portal for details.,alert,True,2023-09-09
48,453,Lab Results Available,Lab Results Available: Please check your patient portal for details.,info,True,2025-06-30
49,719,Lab Results Available,Lab Results Available: Please check your patient portal for details.,alert,True,2024-02-27
50,748,Health Tip,Health Tip: Please check your patient portal for details.,warning,False,2023-10-18
51,603,System Update,System Update: Please check your patient portal for details.,warning,True,2024-11-20
52,178,Test Results Ready,Test Results Ready: Please check your patient portal for details.,alert,False,2024-09-29
53,452,Health Tip,Health Tip: Please check your patient portal for details.,alert,False,2023-05-24
54,938,Lab Results Available,Lab Results Available: Please check your patient portal for details.,warning,False,2024-03-17
55,714,Health Tip,Health Tip: Please check your patient portal for details.,info,True,2024-12-17
56,571,Health Tip,Health Tip: Please check your patient portal for details.,warning,False,2025-06-06
57,326,New Message from Doctor,New Message from Doctor: Please check your patient portal for details.,warning,False,2024-07-28
58,408,Consultation Scheduled,Consultation Scheduled: Please check your patient portal for details.,info,False,2023-06-18
59,316,Appointment Reminder,Appointment Reminder: Please check your patient portal for details.,warning,False,2025-12-28
60,975,Health Tip,Health Tip: Please check your patient portal for details.,reminder,True,2025-08-24
61,986,Test Results Ready,Test Results Ready: Please check your patient portal for details.,info,False,2024-03-31
62,814,New Message from Doctor,New Message from Doctor: Please check your patient portal for details.,warning,True,2026-04-23
63,901,Test Results Ready,Test Results Ready: Please check your patient portal for details.,info,False,2025-02-08
64,213,Prescription Renewal,Prescription Renewal: Please check your patient portal for details.,reminder,False,2025-11-26
65,676,System Update,System Update: Please check your patient portal for details.,reminder,False,2023-06-11
66,861,Follow-up Required,Follow-up Required: Please check your patient portal for details.,warning,True,2023-07-23
67,172,Lab Results Available,Lab Results Available: Please check your patient portal for details.,reminder,False,2026-01-14
68,651,Follow-up Required,Follow-up Required: Please check your patient portal for details.,info,True,2025-03-03
69,257,Lab Results Available,Lab Results Available: Please check your patient portal for details.,info,False,2023-01-21
70,503,Payment Due,Payment Due: Please check your patient portal for details.,warning,True,2024-04-17
71,757,Lab Results Available,Lab Results Available: Please check your patient portal for details.,reminder,True,2023-10-24
72,183,Payment Due,Payment Due: Please check your patient portal for details.,reminder,False,2023-07-11
73,409,Appointment Reminder,Appointment Reminder: Please check your patient portal for details.,alert,True,2025-11-21
74,897,Lab Results Available,Lab Results Available: Please check your patient portal for details.,reminder,False,2024-10-20
75,555,Follow-up Required,Follow-up Required: Please check your patient portal for details.,warning,True,2023-01-09
76,951,Follow-up Required,Follow-up Required: Please check your patient portal for details.,reminder,False,2025-09-27
77,961,Follow-up Required,Follow-up Required: Please check your patient portal for details.,info,False,2025-05-10
78,710,Lab Results Available,Lab Results Available: Please check your patient portal for details.,warning,True,2025-04-02
79,501,Consultation Scheduled,Consultation Scheduled: Please check your patient portal for details.,warning,False,2024-03-30
80,497,Payment Due,Payment Due: Please check your patient portal for details.,warning,True,2024-11-11
81,936,Test Results Ready,Test Results Ready: Please check your patient portal for details.,alert,False,2025-04-07
82,115,New Message from Doctor,New Message from Doctor: Please check your patient portal for details.,info,True,2024-11-20
83,48,New Message from Doctor,New Message from Doctor: Please check your patient portal for details.,alert,False,2025-05-23
84,92,Payment Due,Payment Due: Please check your patient portal for details.,reminder,True,2025-11-21
85,740,Prescription Renewal,Prescription Renewal: Please check your patient portal for details.,alert,True,2023-04-07
86,862,Health Tip,Health Tip: Please check your patient portal for details.,alert,False,2024-12-09
87,429,Prescription Renewal,Prescription Renewal: Please check your patient portal for details.,alert,False,2025-10-13
88,556,Lab Results Available,Lab Results Available: Please check your patient portal for details.,reminder,True,2024-01-05
89,558,Appointment Reminder,Appointment Reminder: Please check your patient portal for details.,reminder,True,2026-03-10
90,893,Health Tip,Health Tip: Please check your patient portal for details.,reminder,True,2024-10-13
91,1195,Payment Due,Payment Due: Please check your patient portal for details.,info,True,2023-01-11
92,138,Health Tip,Health Tip: Please check your patient portal for details.,warning,True,2025-11-17
93,1000,Lab Results Available,Lab Results Available: Please check your patient portal for details.,alert,True,2025-12-23
94,1130,Lab Results Available,Lab Results Available: Please check your patient portal for details.,warning,True,2025-09-03
95,167,System Update,System Update: Please check your patient portal for details.,info,True,2026-02-18
96,217,System Update,System Update: Please check your patient portal for details.,alert,True,2023-07-17
97,847,Test Results Ready,Test Results Ready: Please check your patient portal for details.,info,True,2025-12-10
98,152,New Message from Doctor,New Message from Doctor: Please check your patient portal for details.,reminder,False,2025-05-12
99,17,Lab Results Available,Lab Results Available: Please check your patient portal for details.,info,False,2025-06-19
100,655,Prescription Renewal,Prescription Renewal: Please check your patient portal for details.,warning,False,2023-09-26
101,628,System Update,System Update: Please check your patient portal for details.,info,False,2023-09-21
102,1062,System Update,System Update: Please check your patient portal for details.,warning,True,2025-11-11
103,220,Payment Due,Payment Due: Please check your patient portal for details.,alert,False,2023-06-14
104,999,New Message from Doctor,New Message from Doctor: Please check your patient portal for details.,warning,True,2024-02-27
105,171,System Update,System Update: Please check your patient portal for details.,alert,False,2026-03-12
106,504,Lab Results Available,Lab Results Available: Please check your patient portal for details.,warning,False,2023-10-09
107,1002,Payment Due,Payment Due: Please check your patient portal for details.,warning,False,2024-12-02
108,506,New Message from Doctor,New Message from Doctor: Please check your patient portal for details.,alert,False,2023-05-09
109,191,Health Tip,Health Tip: Please check your patient portal for details.,warning,False,2025-06-14
110,869,Test Results Ready,Test Results Ready: Please check your patient portal for details.,info,False,2024-03-15
111,225,New Message from Doctor,New Message from Doctor: Please check your patient portal for details.,warning,False,2023-07-15
112,676,Follow-up Required,Follow-up Required: Please check your patient portal for details.,warning,False,2023-12-19
113,1096,Lab Results Available,Lab Results Available: Please check your patient portal for details.,warning,False,2023-09-06
114,480,Test Results Ready,Test Results Ready: Please check your patient portal for details.,info,True,2024-02-18
115,581,Payment Due,Payment Due: Please check your patient portal for details.,info,False,2024-09-29
116,852,Health Tip,Health Tip: Please check your patient portal for details.,alert,False,2025-07-02
117,618,Follow-up Required,Follow-up Required: Please check your patient portal for details.,alert,False,2024-09-15
118,519,Health Tip,Health Tip: Please check your patient portal for details.,warning,True,2025-11-21
119,1001,Consultation Scheduled,Consultation Scheduled: Please check your patient portal for details.,warning,True,2023-09-18
120,676,Test Results Ready,Test Results Ready: Please check your patient portal for details.,alert,False,2024-07-26
121,82,Test Results Ready,Test Results Ready: Please check your patient portal for details.,info,True,2023-05-14
122,698,Lab Results Available,Lab Results Available: Please check your patient portal for details.,warning,False,2025-02-15
123,765,Appointment Reminder,Appointment Reminder: Please check your patient portal for details.,alert,False,2025-05-06
124,1153,Payment Due,Payment Due: Please check your patient portal for details.,warning,False,2024-06-29
125,601,New Message from Doctor,New Message from Doctor: Please check your patient portal for details.,alert,True,2024-04-12
126,631,Lab Results Available,Lab Results Available: Please check your patient portal for details.,warning,False,2024-05-03
127,1063,Consultation Scheduled,Consultation Scheduled: Please check your patient portal for details.,reminder,True,2023-02-22
128,869,Test Results Ready,Test Results Ready: Please check your patient portal for details.,alert,True,2025-07-01
129,864,Payment Due,Payment Due: Please check your patient portal for details.,reminder,False,2023-11-18
130,88,Payment Due,Payment Due: Please check your patient portal for details.,alert,True,2024-04-28
131,478,Consultation Scheduled,Consultation Scheduled: Please check your patient portal for details.,alert,False,2025-09-24
132,931,Follow-up Required,Follow-up Required: Please check your patient portal for details.,reminder,True,2023-03-10
133,1145,Follow-up Required,Follow-up Required: Please check your patient portal for details.,warning,False,2023-09-07
134,230,Health Tip,Health Tip: Please check your patient portal for details.,warning,True,2023-01-26
135,447,Follow-up Required,Follow-up Required: Please check your patient portal for details.,info,True,2024-11-17
136,1047,Prescription Renewal,Prescription Renewal: Please check your patient portal for details.,alert,True,2025-09-21
137,406,Prescription Renewal,Prescription Renewal: Please check your patient portal for details.,info,True,2023-06-13
138,23,Payment Due,Payment Due: Please check your patient portal for details.,alert,False,2024-07-30
139,893,Test Results Ready,Test Results Ready: Please check your patient portal for details.,info,False,2025-08-30
140,1042,Health Tip,Health Tip: Please check your patient portal for details.,alert,False,2025-12-13
141,1125,Health Tip,Health Tip: Please check your patient portal for details.,reminder,False,2025-10-22
142,1007,System Update,System Update: Please check your patient portal for details.,reminder,False,2026-04-04
143,978,Lab Results Available,Lab Results Available: Please check your patient portal for details.,info,False,2023-06-27
144,939,System Update,System Update: Please check your patient portal for details.,reminder,False,2023-05-18
145,111,Payment Due,Payment Due: Please check your patient portal for details.,warning,True,2026-03-15
146,726,Lab Results Available,Lab Results Available: Please check your patient portal for details.,info,True,2023-09-30
147,1011,Health Tip,Health Tip: Please check your patient portal for details.,alert,False,2025-12-01
148,872,Health Tip,Health Tip: Please check your patient portal for details.,reminder,True,2023-02-06
149,43,Consultation Scheduled,Consultation Scheduled: Please check your patient portal for details.,warning,False,2024-11-08
150,124,Consultation Scheduled,Consultation Scheduled: Please check your patient portal for details.,info,False,2023-10-14
151,536,Lab Results Available,Lab Results Available: Please check your patient portal for details.,info,False,2023-12-11
152,81,New Message from Doctor,New Message from Doctor: Please check your patient portal for details.,alert,False,2023-07-14
153,457,Consultation Scheduled,Consultation Scheduled: Please check your patient portal for details.,reminder,True,2026-02-26
154,579,System Update,System Update: Please check your patient portal for details.,reminder,False,2025-06-14
155,109,Consultation Scheduled,Consultation Scheduled: Please check your patient portal for details.,alert,True,2023-03-04
156,1106,Follow-up Required,Follow-up Required: Please check your patient portal for details.,warning,False,2023-04-21
157,617,Test Results Ready,Test Results Ready: Please check your patient portal for details.,warning,False,2026-01-16
158,910,Payment Due,Payment Due: Please check your patient portal for details.,info,True,2026-03-08
159,919,Payment Due,Payment Due: Please check your patient portal for details.,alert,False,2023-11-08
160,233,Consultation Scheduled,Consultation Scheduled: Please check your patient portal for details.,reminder,False,2024-10-19
161,828,Lab Results Available,Lab Results Available: Please check your patient portal for details.,reminder,True,2023-09-04
162,706,Consultation Scheduled,Consultation Scheduled: Please check your patient portal for details.,warning,False,2026-02-17
163,1181,System Update,System Update: Please check your patient portal for details.,reminder,True,2023-05-16
164,366,Appointment Reminder,Appointment Reminder: Please check your patient portal for details.,info,False,2026-03-27
165,88,Follow-up Required,Follow-up Required: Please check your patient portal for details.,info,True,2023-12-26
166,573,Lab Results Available,Lab Results Available: Please check your patient portal for details.,alert,True,2024-03-16
167,829,Follow-up Required,Follow-up Required: Please check your patient portal for details.,warning,True,2025-10-02
168,509,Consultation Scheduled,Consultation Scheduled: Please check your patient portal for details.,info,True,2024-09-04
169,306,Follow-up Required,Follow-up Required: Please check your patient portal for details.,info,False,2025-06-19
170,254,Health Tip,Health Tip: Please check your patient portal for details.,alert,False,2023-11-29
171,154,New Message from Doctor,New Message from Doctor: Please check your patient portal for details.,alert,False,2023-10-16
172,364,Lab Results Available,Lab Results Available: Please check your patient portal for details.,info,True,2025-10-10
173,279,New Message from Doctor,New Message from Doctor: Please check your patient portal for details.,reminder,True,2023-06-15
174,698,Lab Results Available,Lab Results Available: Please check your patient portal for details.,alert,False,2023-02-10
175,1005,System Update,System Update: Please check your patient portal for details.,alert,True,2023-06-14
176,461,Prescription Renewal,Prescription Renewal: Please check your patient portal for details.,reminder,True,2024-07-16
177,798,Lab Results Available,Lab Results Available: Please check your patient portal for details.,alert,False,2023-07-08
178,812,Payment Due,Payment Due: Please check your patient portal for details.,warning,False,2023-07-08
179,566,Test Results Ready,Test Results Ready: Please check your patient portal for details.,alert,True,2025-05-18
180,649,Health Tip,Health Tip: Please check your patient portal for details.,alert,False,2023-11-30
181,439,New Message from Doctor,New Message from Doctor: Please check your patient portal for details.,reminder,False,2025-08-05
182,198,New Message from Doctor,New Message from Doctor: Please check your patient portal for details.,info,True,2023-05-15
183,1179,System Update,System Update: Please check your patient portal for details.,warning,True,2025-10-05
184,778,New Message from Doctor,New Message from Doctor: Please check your patient portal for details.,info,False,2023-01-24
185,3,Prescription Renewal,Prescription Renewal: Please check your patient portal for details.,warning,False,2026-03-28
186,869,Prescription Renewal,Prescription Renewal: Please check your patient portal for details.,reminder,False,2024-11-20
187,375,New Message from Doctor,New Message from Doctor: Please check your patient portal for details.,reminder,True,2023-01-01
188,22,Consultation Scheduled,Consultation Scheduled: Please check your patient portal for details.,alert,True,2025-05-10
189,588,Payment Due,Payment Due: Please check your patient portal for details.,reminder,False,2026-05-07
190,180,Health Tip,Health Tip: Please check your patient portal for details.,alert,False,2025-11-12
191,997,Follow-up Required,Follow-up Required: Please check your patient portal for details.,warning,True,2023-01-16
192,430,System Update,System Update: Please check your patient portal for details.,warning,True,2025-02-13
193,1133,Payment Due,Payment Due: Please check your patient portal for details.,alert,True,2024-02-28
194,964,Test Results Ready,Test Results Ready: Please check your patient portal for details.,reminder,False,2025-12-24
195,754,Follow-up Required,Follow-up Required: Please check your patient portal for details.,reminder,False,2025-03-02
196,665,Consultation Scheduled,Consultation Scheduled: Please check your patient portal for details.,info,True,2024-06-17
197,858,Follow-up Required,Follow-up Required: Please check your patient portal for details.,warning,True,2025-10-31
198,229,Consultation Scheduled,Consultation Scheduled: Please check your patient portal for details.,warning,True,2023-12-21
199,709,New Message from Doctor,New Message from Doctor: Please check your patient portal for details.,reminder,True,2024-06-13
200,156,Prescription Renewal,Prescription Renewal: Please check your patient portal for details.,warning,False,2025-03-16
201,627,Consultation Scheduled,Consultation Scheduled: Please check your patient portal for details.,reminder,True,2026-03-17
202,576,Test Results Ready,Test Results Ready: Please check your patient portal for details.,reminder,False,2024-04-20
203,201,Follow-up Required,Follow-up Required: Please check your patient portal for details.,warning,False,2025-05-14
204,364,Prescription Renewal,Prescription Renewal: Please check your patient portal for details.,reminder,False,2025-06-16
205,878,Appointment Reminder,Appointment Reminder: Please check your patient portal for details.,warning,True,2025-10-25
206,122,New Message from Doctor,New Message from Doctor: Please check your patient portal for details.,info,True,2023-04-11
207,296,Follow-up Required,Follow-up Required: Please check your patient portal for details.,reminder,False,2024-07-12
208,232,New Message from Doctor,New Message from Doctor: Please check your patient portal for details.,warning,False,2025-09-06
209,501,Consultation Scheduled,Consultation Scheduled: Please check your patient portal for details.,warning,True,2025-11-01
210,401,Consultation Scheduled,Consultation Scheduled: Please check your patient portal for details.,alert,False,2026-02-08
211,1050,Consultation Scheduled,Consultation Scheduled: Please check your patient portal for details.,alert,True,2024-12-08
212,1051,Lab Results Available,Lab Results Available: Please check your patient portal for details.,alert,True,2026-02-15
213,889,Health Tip,Health Tip: Please check your patient portal for details.,info,False,2024-12-14
214,370,Prescription Renewal,Prescription Renewal: Please check your patient portal for details.,warning,False,2023-03-18
215,1006,System Update,System Update: Please check your patient portal for details.,warning,False,2026-01-17
216,1005,Consultation Scheduled,Consultation Scheduled: Please check your patient portal for details.,reminder,True,2023-08-22
217,1188,System Update,System Update: Please check your patient portal for details.,info,False,2025-11-23
218,524,System Update,System Update: Please check your patient portal for details.,alert,True,2024-02-08
219,428,Follow-up Required,Follow-up Required: Please check your patient portal for details.,warning,False,2023-04-28
220,1109,Payment Due,Payment Due: Please check your patient portal for details.,alert,True,2023-11-12
221,837,Payment Due,Payment Due: Please check your patient portal for details.,warning,True,2023-04-26
222,921,Payment Due,Payment Due: Please check your patient portal for details.,alert,False,2025-06-28
223,1103,Payment Due,Payment Due: Please check your patient portal for details.,alert,True,2025-09-14
224,155,Health Tip,Health Tip: Please check your patient portal for details.,info,True,2025-01-04
225,1181,New Message from Doctor,New Message from Doctor: Please check your patient portal for details.,reminder,False,2025-10-23
226,1176,System Update,System Update: Please check your patient portal for details.,warning,True,2023-03-09
227,741,Consultation Scheduled,Consultation Scheduled: Please check your patient portal for details.,alert,False,2023-03-29
228,870,Prescription Renewal,Prescription Renewal: Please check your patient portal for details.,reminder,True,2025-03-05
229,241,Appointment Reminder,Appointment Reminder: Please check your patient portal for details.,warning,True,2023-11-07
230,573,Health Tip,Health Tip: Please check your patient portal for details.,alert,False,2024-01-20
231,798,Test Results Ready,Test Results Ready: Please check your patient portal for details.,info,False,2023-08-16
232,1099,Payment Due,Payment Due: Please check your patient portal for details.,alert,True,2024-03-09
233,290,System Update,System Update: Please check your patient portal for details.,reminder,True,2025-03-30
234,488,Test Results Ready,Test Results Ready: Please check your patient portal for details.,alert,True,2024-06-25
235,957,Payment Due,Payment Due: Please check your patient portal for details.,warning,False,2025-09-01
236,302,Payment Due,Payment Due: Please check your patient portal for details.,reminder,True,2023-01-24
237,953,Prescription Renewal,Prescription Renewal: Please check your patient portal for details.,reminder,True,2025-11-06
238,727,Health Tip,Health Tip: Please check your patient portal for details.,info,True,2026-03-31
239,1047,Payment Due,Payment Due: Please check your patient portal for details.,alert,True,2024-07-02
240,642,Appointment Reminder,Appointment Reminder: Please check your patient portal for details.,reminder,True,2024-07-01
241,59,Follow-up Required,Follow-up Required: Please check your patient portal for details.,alert,True,2024-12-07
242,999,Test Results Ready,Test Results Ready: Please check your patient portal for details.,reminder,True,2024-08-10
243,659,Consultation Scheduled,Consultation Scheduled: Please check your patient portal for details.,alert,False,2026-03-03
244,803,Lab Results Available,Lab Results Available: Please check your patient portal for details.,info,False,2025-10-19
245,1176,System Update,System Update: Please check your patient portal for details.,alert,False,2023-10-19
246,307,Prescription Renewal,Prescription Renewal: Please check your patient portal for details.,warning,False,2024-09-21
247,776,Lab Results Available,Lab Results Available: Please check your patient portal for details.,reminder,True,2024-04-30
248,70,Appointment Reminder,Appointment Reminder: Please check your patient portal for details.,warning,False,2023-01-23
249,279,New Message from Doctor,New Message from Doctor: Please check your patient portal for details.,reminder,True,2025-09-02
250,860,System Update,System Update: Please check your patient portal for details.,alert,False,2026-02-27
251,499,Health Tip,Health Tip: Please check your patient portal for details.,info,False,2023-08-10
252,517,Test Results Ready,Test Results Ready: Please check your patient portal for details.,warning,False,2026-05-02
253,21,Lab Results Available,Lab Results Available: Please check your patient portal for details.,alert,True,2023-11-14
254,77,New Message from Doctor,New Message from Doctor: Please check your patient portal for details.,reminder,True,2023-04-22
255,52,Payment Due,Payment Due: Please check your patient portal for details.,info,False,2025-01-19
256,1085,Test Results Ready,Test Results Ready: Please check your patient portal for details.,warning,True,2023-10-22
257,530,Follow-up Required,Follow-up Required: Please check your patient portal for details.,reminder,False,2025-06-12
258,694,Prescription Renewal,Prescription Renewal: Please check your patient portal for details.,warning,True,2023-09-18
259,197,Follow-up Required,Follow-up Required: Please check your patient portal for details.,reminder,False,2023-06-21
260,389,System Update,System Update: Please check your patient portal for details.,reminder,True,2025-07-04
261,824,System Update,System Update: Please check your patient portal for details.,warning,True,2023-04-17
262,489,Health Tip,Health Tip: Please check your patient portal for details.,info,False,2025-06-07
263,1196,Test Results Ready,Test Results Ready: Please check your patient portal for details.,info,False,2023-01-28
264,716,Payment Due,Payment Due: Please check your patient portal for details.,reminder,True,2023-01-27
265,884,Consultation Scheduled,Consultation Scheduled: Please check your patient portal for details.,alert,True,2023-05-11
266,288,Health Tip,Health Tip: Please check your patient portal for details.,alert,False,2023-03-26
267,1030,Lab Results Available,Lab Results Available: Please check your patient portal for details.,info,False,2024-01-26
268,51,Payment Due,Payment Due: Please check your patient portal for details.,warning,True,2023-05-22
269,565,Test Results Ready,Test Results Ready: Please check your patient portal for details.,warning,False,2025-11-29
270,1194,System Update,System Update: Please check your patient portal for details.,alert,True,2025-10-31
271,1181,Consultation Scheduled,Consultation Scheduled: Please check your patient portal for details.,info,True,2026-02-05
272,588,Appointment Reminder,Appointment Reminder: Please check your patient portal for details.,reminder,True,2023-06-03
273,1030,Test Results Ready,Test Results Ready: Please check your patient portal for details.,info,False,2025-02-24
274,107,Health Tip,Health Tip: Please check your patient portal for details.,warning,True,2026-03-15
275,197,Prescription Renewal,Prescription Renewal: Please check your patient portal for details.,alert,True,2024-06-21
276,1119,Test Results Ready,Test Results Ready: Please check your patient portal for details.,alert,False,2024-06-23
277,1130,Lab Results Available,Lab Results Available: Please check your patient portal for details.,reminder,False,2023-02-01
278,496,Health Tip,Health Tip: Please check your patient portal for details.,alert,False,2024-09-22
279,941,Lab Results Available,Lab Results Available: Please check your patient portal for details.,warning,False,2023-04-16
280,764,Follow-up Required,Follow-up Required: Please check your patient portal for details.,alert,False,2025-12-20
281,967,Appointment Reminder,Appointment Reminder: Please check your patient portal for details.,reminder,False,2025-02-18
282,314,Consultation Scheduled,Consultation Scheduled: Please check your patient portal for details.,info,True,2025-01-30
283,804,Appointment Reminder,Appointment Reminder: Please check your patient portal for details.,reminder,False,2025-03-12
284,222,Test Results Ready,Test Results Ready: Please check your patient portal for details.,info,True,2023-10-11
285,453,Test Results Ready,Test Results Ready: Please check your patient portal for details.,info,False,2025-03-19
286,768,Payment Due,Payment Due: Please check your patient portal for details.,alert,True,2025-01-07
287,60,Test Results Ready,Test Results Ready: Please check your patient portal for details.,info,False,2025-02-02
288,938,Payment Due,Payment Due: Please check your patient portal for details.,reminder,False,2026-01-06
289,1177,Consultation Scheduled,Consultation Scheduled: Please check your patient portal for details.,alert,True,2026-04-10
290,198,System Update,System Update: Please check your patient portal for details.,reminder,False,2024-06-29
291,463,New Message from Doctor,New Message from Doctor: Please check your patient portal for details.,warning,True,2024-01-26
292,667,Prescription Renewal,Prescription Renewal: Please check your patient portal for details.,info,False,2023-02-07
293,256,Appointment Reminder,Appointment Reminder: Please check your patient portal for details.,warning,False,2025-05-15
294,558,New Message from Doctor,New Message from Doctor: Please check your patient portal for details.,info,False,2024-01-19
295,515,Consultation Scheduled,Consultation Scheduled: Please check your patient portal for details.,warning,True,2023-07-26
296,153,System Update,System Update: Please check your patient portal for details.,info,True,2025-06-13
297,854,Prescription Renewal,Prescription Renewal: Please check your patient portal for details.,warning,False,2025-07-10
298,394,Health Tip,Health Tip: Please check your patient portal for details.,info,True,2024-05-25
299,16,System Update,System Update: Please check your patient portal for details.,warning,True,2024-06-22
300,758,Prescription Renewal,Prescription Renewal: Please check your patient portal for details.,warning,False,2025-12-29
301,27,Consultation Scheduled,Consultation Scheduled: Please check your patient portal for details.,reminder,False,2024-03-20
302,402,Prescription Renewal,Prescription Renewal: Please check your patient portal for details.,alert,False,2023-11-11
303,747,Payment Due,Payment Due: Please check your patient portal for details.,reminder,False,2026-02-05
304,805,Payment Due,Payment Due: Please check your patient portal for details.,info,False,2026-02-08
305,84,Appointment Reminder,Appointment Reminder: Please check your patient portal for details.,info,False,2026-02-13
306,1180,Test Results Ready,Test Results Ready: Please check your patient portal for details.,warning,True,2024-11-01
307,961,Test Results Ready,Test Results Ready: Please check your patient portal for details.,info,True,2024-10-05
308,553,Consultation Scheduled,Consultation Scheduled: Please check your patient portal for details.,reminder,False,2026-01-11
309,219,Health Tip,Health Tip: Please check your patient portal for details.,info,False,2025-07-18
310,561,System Update,System Update: Please check your patient portal for details.,info,False,2025-12-22
311,1065,Lab Results Available,Lab Results Available: Please check your patient portal for details.,reminder,True,2024-08-27
312,556,Payment Due,Payment Due: Please check your patient portal for details.,alert,True,2026-05-06
313,699,Follow-up Required,Follow-up Required: Please check your patient portal for details.,info,False,2023-07-10
314,73,Appointment Reminder,Appointment Reminder: Please check your patient portal for details.,alert,False,2025-04-29
315,290,Payment Due,Payment Due: Please check your patient portal for details.,alert,False,2026-01-03
316,1134,Test Results Ready,Test Results Ready: Please check your patient portal for details.,reminder,False,2024-11-12
317,482,Payment Due,Payment Due: Please check your patient portal for details.,warning,False,2025-10-13
318,872,Payment Due,Payment Due: Please check your patient portal for details.,reminder,False,2023-04-04
319,346,Consultation Scheduled,Consultation Scheduled: Please check your patient portal for details.,reminder,False,2023-09-29
320,478,Health Tip,Health Tip: Please check your patient portal for details.,info,False,2024-01-06
321,378,Payment Due,Payment Due: Please check your patient portal for details.,alert,False,2025-11-11
322,635,System Update,System Update: Please check your patient portal for details.,info,False,2023-07-18
323,640,Payment Due,Payment Due: Please check your patient portal for details.,warning,True,2025-04-07
324,447,Test Results Ready,Test Results Ready: Please check your patient portal for details.,info,False,2024-02-28
325,412,Lab Results Available,Lab Results Available: Please check your patient portal for details.,reminder,True,2024-02-13
326,159,Consultation Scheduled,Consultation Scheduled: Please check your patient portal for details.,reminder,False,2023-08-21
327,224,New Message from Doctor,New Message from Doctor: Please check your patient portal for details.,info,True,2025-09-20
328,1038,Follow-up Required,Follow-up Required: Please check your patient portal for details.,alert,True,2024-08-31
329,629,New Message from Doctor,New Message from Doctor: Please check your patient portal for details.,warning,False,2023-12-16
330,360,Consultation Scheduled,Consultation Scheduled: Please check your patient portal for details.,info,False,2025-02-17
331,156,System Update,System Update: Please check your patient portal for details.,alert,True,2023-12-15
332,710,Health Tip,Health Tip: Please check your patient portal for details.,reminder,False,2024-02-08
333,247,Consultation Scheduled,Consultation Scheduled: Please check your patient portal for details.,reminder,False,2024-09-15
334,31,Health Tip,Health Tip: Please check your patient portal for details.,alert,False,2025-07-04
335,561,Appointment Reminder,Appointment Reminder: Please check your patient portal for details.,alert,True,2025-09-03
336,311,System Update,System Update: Please check your patient portal for details.,alert,True,2025-09-24
337,712,Payment Due,Payment Due: Please check your patient portal for details.,reminder,False,2025-09-20
338,1171,Appointment Reminder,Appointment Reminder: Please check your patient portal for details.,alert,True,2025-11-03
339,498,Follow-up Required,Follow-up Required: Please check your patient portal for details.,reminder,True,2024-11-04
340,255,Lab Results Available,Lab Results Available: Please check your patient portal for details.,info,False,2024-06-17
341,684,Test Results Ready,Test Results Ready: Please check your patient portal for details.,info,True,2024-08-15
342,214,Test Results Ready,Test Results Ready: Please check your patient portal for details.,warning,False,2024-04-30
343,638,Health Tip,Health Tip: Please check your patient portal for details.,reminder,True,2023-05-17
344,873,Lab Results Available,Lab Results Available: Please check your patient portal for details.,alert,True,2025-02-18
345,516,System Update,System Update: Please check your patient portal for details.,info,False,2024-09-18
346,667,Consultation Scheduled,Consultation Scheduled: Please check your patient portal for details.,warning,False,2024-12-16
347,368,Appointment Reminder,Appointment Reminder: Please check your patient portal for details.,info,False,2025-02-19
348,196,Follow-up Required,Follow-up Required: Please check your patient portal for details.,alert,True,2025-02-16
349,612,Lab Results Available,Lab Results Available: Please check your patient portal for details.,reminder,False,2024-04-11
350,385,New Message from Doctor,New Message from Doctor: Please check your patient portal for details.,alert,False,2023-01-15
351,182,Consultation Scheduled,Consultation Scheduled: Please check your patient portal for details.,reminder,True,2025-10-03
352,1038,Lab Results Available,Lab Results Available: Please check your patient portal for details.,info,True,2025-09-24
353,228,System Update,System Update: Please check your patient portal for details.,reminder,False,2023-07-29
354,613,Test Results Ready,Test Results Ready: Please check your patient portal for details.,info,False,2026-04-08
355,735,Lab Results Available,Lab Results Available: Please check your patient portal for details.,reminder,False,2024-10-31
356,1090,Consultation Scheduled,Consultation Scheduled: Please check your patient portal for details.,alert,True,2025-02-24
357,1125,Appointment Reminder,Appointment Reminder: Please check your patient portal for details.,alert,True,2026-05-03
358,808,Payment Due,Payment Due: Please check your patient portal for details.,info,True,2025-12-31
359,527,Consultation Scheduled,Consultation Scheduled: Please check your patient portal for details.,info,False,2026-01-12
360,637,Health Tip,Health Tip: Please check your patient portal for details.,warning,False,2023-12-14
361,401,Appointment Reminder,Appointment Reminder: Please check your patient portal for details.,info,False,2023-02-05
362,639,Payment Due,Payment Due: Please check your patient portal for details.,reminder,False,2024-11-28
363,7,Consultation Scheduled,Consultation Scheduled: Please check your patient portal for details.,info,True,2025-02-12
364,6,Follow-up Required,Follow-up Required: Please check your patient portal for details.,reminder,True,2023-04-08
365,1048,Lab Results Available,Lab Results Available: Please check your patient portal for details.,alert,True,2024-03-08
366,109,Appointment Reminder,Appointment Reminder: Please check your patient portal for details.,warning,False,2025-02-12
367,490,Prescription Renewal,Prescription Renewal: Please check your patient portal for details.,alert,True,2023-12-07
368,424,New Message from Doctor,New Message from Doctor: Please check your patient portal for details.,warning,False,2024-10-25
369,122,Follow-up Required,Follow-up Required: Please check your patient portal for details.,warning,True,2025-03-01
370,92,Test Results Ready,Test Results Ready: Please check your patient portal for details.,info,False,2025-08-08
371,479,Test Results Ready,Test Results Ready: Please check your patient portal for details.,warning,False,2023-10-16
372,337,Payment Due,Payment Due: Please check your patient portal for details.,reminder,False,2026-04-22
373,422,Appointment Reminder,Appointment Reminder: Please check your patient portal for details.,reminder,True,2026-02-27
374,959,Consultation Scheduled,Consultation Scheduled: Please check your patient portal for details.,reminder,False,2023-07-17
375,399,Test Results Ready,Test Results Ready: Please check your patient portal for details.,alert,False,2023-10-25
376,862,Appointment Reminder,Appointment Reminder: Please check your patient portal for details.,alert,True,2023-02-22
377,1151,System Update,System Update: Please check your patient portal for details.,alert,True,2025-08-14
378,523,Appointment Reminder,Appointment Reminder: Please check your patient portal for details.,reminder,True,2024-06-13
379,497,Lab Results Available,Lab Results Available: Please check your patient portal for details.,alert,False,2023-07-06
380,142,System Update,System Update: Please check your patient portal for details.,info,True,2025-06-08
381,752,Payment Due,Payment Due: Please check your patient portal for details.,reminder,True,2023-11-17
382,739,Follow-up Required,Follow-up Required: Please check your patient portal for details.,warning,False,2023-03-25
383,87,Payment Due,Payment Due: Please check your patient portal for details.,warning,True,2023-12-09
384,388,Health Tip,Health Tip: Please check your patient portal for details.,reminder,True,2025-01-07
385,948,System Update,System Update: Please check your patient portal for details.,warning,False,2026-03-19
386,616,Test Results Ready,Test Results Ready: Please check your patient portal for details.,warning,True,2024-10-29
387,131,New Message from Doctor,New Message from Doctor: Please check your patient portal for details.,reminder,False,2024-10-21
388,361,System Update,System Update: Please check your patient portal for details.,reminder,False,2025-07-27
389,728,Payment Due,Payment Due: Please check your patient portal for details.,reminder,False,2023-07-29
390,333,Health Tip,Health Tip: Please check your patient portal for details.,reminder,False,2024-02-18
391,1098,Consultation Scheduled,Consultation Scheduled: Please check your patient portal for details.,alert,False,2025-04-15
392,868,Test Results Ready,Test Results Ready: Please check your patient portal for details.,alert,True,2024-03-06
393,165,Appointment Reminder,Appointment Reminder: Please check your patient portal for details.,info,True,2023-09-19
394,147,Consultation Scheduled,Consultation Scheduled: Please check your patient portal for details.,warning,False,2024-12-30
395,431,Follow-up Required,Follow-up Required: Please check your patient portal for details.,warning,True,2024-09-09
396,589,Health Tip,Health Tip: Please check your patient portal for details.,warning,False,2024-08-13
397,680,New Message from Doctor,New Message from Doctor: Please check your patient portal for details.,reminder,True,2025-05-20
398,1066,Consultation Scheduled,Consultation Scheduled: Please check your patient portal for details.,warning,False,2023-11-05
399,762,Follow-up Required,Follow-up Required: Please check your patient portal for details.,warning,True,2024-01-29
400,700,Consultation Scheduled,Consultation Scheduled: Please check your patient portal for details.,reminder,True,2023-05-12
401,721,Lab Results Available,Lab Results Available: Please check your patient portal for details.,alert,True,2024-08-09
402,778,Payment Due,Payment Due: Please check your patient portal for details.,info,False,2025-12-26
403,1176,System Update,System Update: Please check your patient portal for details.,warning,False,2025-08-21
404,209,Test Results Ready,Test Results Ready: Please check your patient portal for details.,alert,False,2025-04-30
405,216,Appointment Reminder,Appointment Reminder: Please check your patient portal for details.,info,True,2023-03-21
406,437,Appointment Reminder,Appointment Reminder: Please check your patient portal for details.,warning,True,2023-07-30
407,287,Consultation Scheduled,Consultation Scheduled: Please check your patient portal for details.,reminder,False,2023-08-07
408,367,Lab Results Available,Lab Results Available: Please check your patient portal for details.,alert,True,2023-10-07
409,392,Prescription Renewal,Prescription Renewal: Please check your patient portal for details.,reminder,False,2023-07-22
410,537,Prescription Renewal,Prescription Renewal: Please check your patient portal for details.,warning,False,2024-04-17
411,273,Payment Due,Payment Due: Please check your patient portal for details.,warning,True,2024-08-27
412,541,Test Results Ready,Test Results Ready: Please check your patient portal for details.,warning,False,2023-08-06
413,689,Appointment Reminder,Appointment Reminder: Please check your patient portal for details.,reminder,False,2023-09-13
414,805,New Message from Doctor,New Message from Doctor: Please check your patient portal for details.,alert,False,2026-02-01
415,1025,Appointment Reminder,Appointment Reminder: Please check your patient portal for details.,info,True,2024-12-23
416,206,Consultation Scheduled,Consultation Scheduled: Please check your patient portal for details.,warning,False,2026-01-04
417,612,Prescription Renewal,Prescription Renewal: Please check your patient portal for details.,warning,True,2025-03-16
418,390,Test Results Ready,Test Results Ready: Please check your patient portal for details.,reminder,False,2025-04-28
419,84,Consultation Scheduled,Consultation Scheduled: Please check your patient portal for details.,warning,False,2026-02-26
420,386,Lab Results Available,Lab Results Available: Please check your patient portal for details.,info,False,2025-06-29
421,170,System Update,System Update: Please check your patient portal for details.,alert,True,2023-12-27
422,411,Health Tip,Health Tip: Please check your patient portal for details.,info,False,2024-08-23
423,698,Test Results Ready,Test Results Ready: Please check your patient portal for details.,warning,False,2026-02-19
424,962,Payment Due,Payment Due: Please check your patient portal for details.,warning,False,2023-01-14
425,374,Consultation Scheduled,Consultation Scheduled: Please check your patient portal for details.,reminder,False,2024-08-05
426,45,System Update,System Update: Please check your patient portal for details.,warning,True,2025-12-29
427,888,Health Tip,Health Tip: Please check your patient portal for details.,info,False,2023-01-26
428,987,Health Tip,Health Tip: Please check your patient portal for details.,alert,False,2026-03-11
429,803,System Update,System Update: Please check your patient portal for details.,warning,True,2026-03-12
430,253,System Update,System Update: Please check your patient portal for details.,reminder,False,2024-07-12
431,797,Lab Results Available,Lab Results Available: Please check your patient portal for details.,warning,True,2023-06-20
432,18,Appointment Reminder,Appointment Reminder: Please check your patient portal for details.,warning,False,2023-07-06
433,742,Test Results Ready,Test Results Ready: Please check your patient portal for details.,info,False,2024-10-31
434,1065,Payment Due,Payment Due: Please check your patient portal for details.,warning,False,2024-03-07
435,683,Consultation Scheduled,Consultation Scheduled: Please check your patient portal for details.,warning,True,2025-08-27
436,71,Prescription Renewal,Prescription Renewal: Please check your patient portal for details.,alert,False,2025-06-08
437,1028,Payment Due,Payment Due: Please check your patient portal for details.,reminder,False,2024-03-11
438,143,Lab Results Available,Lab Results Available: Please check your patient portal for details.,alert,True,2023-05-18
439,122,Payment Due,Payment Due: Please check your patient portal for details.,reminder,True,2024-09-16
440,519,New Message from Doctor,New Message from Doctor: Please check your patient portal for details.,warning,False,2025-01-14
441,595,Consultation Scheduled,Consultation Scheduled: Please check your patient portal for details.,info,True,2024-11-27
442,725,New Message from Doctor,New Message from Doctor: Please check your patient portal for details.,alert,True,2023-04-03
443,420,Appointment Reminder,Appointment Reminder: Please check your patient portal for details.,warning,False,2024-11-07
444,1175,Payment Due,Payment Due: Please check your patient portal for details.,info,False,2026-01-27
445,785,System Update,System Update: Please check your patient portal for details.,alert,True,2024-11-10
446,1068,Follow-up Required,Follow-up Required: Please check your patient portal for details.,warning,False,2023-11-26
447,386,Lab Results Available,Lab Results Available: Please check your patient portal for details.,reminder,False,2024-11-13
448,343,Lab Results Available,Lab Results Available: Please check your patient portal for details.,warning,False,2026-01-27
449,888,Appointment Reminder,Appointment Reminder: Please check your patient portal for details.,alert,True,2023-01-11
450,1049,Lab Results Available,Lab Results Available: Please check your patient portal for details.,info,False,2023-04-08
451,1177,System Update,System Update: Please check your patient portal for details.,info,False,2023-09-12
452,619,Lab Results Available,Lab Results Available: Please check your patient portal for details.,reminder,True,2025-01-03
453,123,Health Tip,Health Tip: Please check your patient portal for details.,reminder,True,2023-06-12
454,496,Follow-up Required,Follow-up Required: Please check your patient portal for details.,alert,False,2023-11-27
455,823,Consultation Scheduled,Consultation Scheduled: Please check your patient portal for details.,alert,False,2023-05-28
456,375,Prescription Renewal,Prescription Renewal: Please check your patient portal for details.,alert,False,2025-07-15
457,278,Test Results Ready,Test Results Ready: Please check your patient portal for details.,reminder,True,2026-03-23
458,366,Follow-up Required,Follow-up Required: Please check your patient portal for details.,reminder,True,2025-03-25
459,27,Follow-up Required,Follow-up Required: Please check your patient portal for details.,warning,False,2023-02-23
460,1100,Lab Results Available,Lab Results Available: Please check your patient portal for details.,alert,False,2024-07-20
461,284,Test Results Ready,Test Results Ready: Please check your patient portal for details.,warning,False,2025-12-17
462,692,Prescription Renewal,Prescription Renewal: Please check your patient portal for details.,alert,False,2025-10-27
463,363,Appointment Reminder,Appointment Reminder: Please check your patient portal for details.,info,True,2023-12-05
464,313,Follow-up Required,Follow-up Required: Please check your patient portal for details.,alert,False,2023-09-09
465,532,Prescription Renewal,Prescription Renewal: Please check your patient portal for details.,info,False,2023-01-04
466,331,Appointment Reminder,Appointment Reminder: Please check your patient portal for details.,alert,True,2025-06-10
467,506,Test Results Ready,Test Results Ready: Please check your patient portal for details.,info,False,2023-06-08
468,154,New Message from Doctor,New Message from Doctor: Please check your patient portal for details.,reminder,True,2024-04-27
469,241,New Message from Doctor,New Message from Doctor: Please check your patient portal for details.,info,True,2024-12-18
470,418,Consultation Scheduled,Consultation Scheduled: Please check your patient portal for details.,alert,False,2023-01-04
471,1089,Payment Due,Payment Due: Please check your patient portal for details.,info,False,2024-04-27
472,958,New Message from Doctor,New Message from Doctor: Please check your patient portal for details.,reminder,False,2024-01-04
473,754,Consultation Scheduled,Consultation Scheduled: Please check your patient portal for details.,alert,True,2025-10-05
474,284,Appointment Reminder,Appointment Reminder: Please check your patient portal for details.,info,False,2024-04-16
475,492,Consultation Scheduled,Consultation Scheduled: Please check your patient portal for details.,info,True,2024-02-13
476,382,Test Results Ready,Test Results Ready: Please check your patient portal for details.,alert,False,2024-07-10
477,912,Follow-up Required,Follow-up Required: Please check your patient portal for details.,info,True,2024-04-28
478,144,Lab Results Available,Lab Results Available: Please check your patient portal for details.,reminder,True,2026-05-03
479,850,Health Tip,Health Tip: Please check your patient portal for details.,warning,False,2026-01-09
480,617,Prescription Renewal,Prescription Renewal: Please check your patient portal for details.,warning,False,2025-06-04
481,405,Lab Results Available,Lab Results Available: Please check your patient portal for details.,reminder,False,2024-03-10
482,37,System Update,System Update: Please check your patient portal for details.,info,True,2024-09-29
483,1165,Lab Results Available,Lab Results Available: Please check your patient portal for details.,warning,True,2024-12-29
484,781,Test Results Ready,Test Results Ready: Please check your patient portal for details.,warning,False,2025-06-03
485,1017,Lab Results Available,Lab Results Available: Please check your patient portal for details.,warning,False,2024-09-18
486,858,Consultation Scheduled,Consultation Scheduled: Please check your patient portal for details.,reminder,True,2024-09-09
487,666,Prescription Renewal,Prescription Renewal: Please check your patient portal for details.,warning,True,2024-03-11
488,286,Test Results Ready,Test Results Ready: Please check your patient portal for details.,warning,False,2025-11-13
489,658,Prescription Renewal,Prescription Renewal: Please check your patient portal for details.,alert,True,2024-06-07
490,833,Test Results Ready,Test Results Ready: Please check your patient portal for details.,alert,False,2024-10-07
491,1126,Consultation Scheduled,Consultation Scheduled: Please check your patient portal for details.,warning,False,2023-12-28
492,245,System Update,System Update: Please check your patient portal for details.,alert,True,2025-03-04
493,603,Appointment Reminder,Appointment Reminder: Please check your patient portal for details.,alert,False,2023-06-30
494,295,Consultation Scheduled,Consultation Scheduled: Please check your patient portal for details.,info,False,2024-07-29
495,84,Prescription Renewal,Prescription Renewal: Please check your patient portal for details.,reminder,False,2025-07-31
496,1031,Consultation Scheduled,Consultation Scheduled: Please check your patient portal for details.,info,False,2024-11-15
497,30,Lab Results Available,Lab Results Available: Please check your patient portal for details.,alert,True,2023-10-18
498,1019,Appointment Reminder,Appointment Reminder: Please check your patient portal for details.,warning,False,2026-03-15
499,236,Follow-up Required,Follow-up Required: Please check your patient portal for details.,info,True,2024-12-10
500,257,Payment Due,Payment Due: Please check your patient portal for details.,alert,True,2025-04-26
501,610,Prescription Renewal,Prescription Renewal: Please check your patient portal for details.,alert,True,2023-06-01
502,384,Payment Due,Payment Due: Please check your patient portal for details.,reminder,False,2024-08-06
503,416,Payment Due,Payment Due: Please check your patient portal for details.,alert,False,2025-11-09
504,986,System Update,System Update: Please check your patient portal for details.,alert,False,2024-09-18
505,799,New Message from Doctor,New Message from Doctor: Please check your patient portal for details.,warning,False,2026-05-05
506,1053,Payment Due,Payment Due: Please check your patient portal for details.,warning,True,2023-07-02
507,477,Consultation Scheduled,Consultation Scheduled: Please check your patient portal for details.,warning,True,2025-09-26
508,1149,Health Tip,Health Tip: Please check your patient portal for details.,warning,True,2025-07-15
509,3,Prescription Renewal,Prescription Renewal: Please check your patient portal for details.,alert,False,2023-09-05
510,1161,Payment Due,Payment Due: Please check your patient portal for details.,info,False,2024-08-02
511,193,Health Tip,Health Tip: Please check your patient portal for details.,reminder,True,2024-09-23
512,942,Test Results Ready,Test Results Ready: Please check your patient portal for details.,alert,True,2025-05-01
513,86,Consultation Scheduled,Consultation Scheduled: Please check your patient portal for details.,reminder,False,2023-11-04
514,816,Appointment Reminder,Appointment Reminder: Please check your patient portal for details.,alert,True,2023-11-19
515,1028,New Message from Doctor,New Message from Doctor: Please check your patient portal for details.,reminder,False,2023-05-27
516,629,Lab Results Available,Lab Results Available: Please check your patient portal for details.,info,False,2025-02-22
517,144,Test Results Ready,Test Results Ready: Please check your patient portal for details.,warning,True,2023-11-20
518,691,New Message from Doctor,New Message from Doctor: Please check your patient portal for details.,info,False,2023-03-30
519,868,System Update,System Update: Please check your patient portal for details.,info,True,2023-04-23
520,456,Follow-up Required,Follow-up Required: Please check your patient portal for details.,alert,True,2023-06-10
521,377,Appointment Reminder,Appointment Reminder: Please check your patient portal for details.,warning,False,2024-03-11
522,51,Prescription Renewal,Prescription Renewal: Please check your patient portal for details.,warning,False,2026-03-20
523,677,Lab Results Available,Lab Results Available: Please check your patient portal for details.,warning,True,2023-03-14
524,952,Prescription Renewal,Prescription Renewal: Please check your patient portal for details.,warning,True,2023-04-04
525,420,Consultation Scheduled,Consultation Scheduled: Please check your patient portal for details.,reminder,True,2024-03-31
526,460,System Update,System Update: Please check your patient portal for details.,reminder,True,2023-08-05
527,246,Consultation Scheduled,Consultation Scheduled: Please check your patient portal for details.,alert,False,2024-05-13
528,1109,New Message from Doctor,New Message from Doctor: Please check your patient portal for details.,warning,False,2026-02-03
529,959,Payment Due,Payment Due: Please check your patient portal for details.,alert,True,2024-05-18
530,802,Appointment Reminder,Appointment Reminder: Please check your patient portal for details.,reminder,True,2023-09-24
531,785,Payment Due,Payment Due: Please check your patient portal for details.,reminder,True,2024-09-15
532,524,Follow-up Required,Follow-up Required: Please check your patient portal for details.,alert,False,2025-07-30
533,555,Consultation Scheduled,Consultation Scheduled: Please check your patient portal for details.,info,False,2023-11-14
534,48,Payment Due,Payment Due: Please check your patient portal for details.,info,False,2026-02-14
535,612,System Update,System Update: Please check your patient portal for details.,info,False,2023-10-17
536,104,Prescription Renewal,Prescription Renewal: Please check your patient portal for details.,info,True,2024-03-02
537,21,Appointment Reminder,Appointment Reminder: Please check your patient portal for details.,reminder,True,2024-03-23
538,1199,Lab Results Available,Lab Results Available: Please check your patient portal for details.,reminder,True,2026-04-01
539,1126,Lab Results Available,Lab Results Available: Please check your patient portal for details.,info,False,2026-04-25
540,841,Consultation Scheduled,Consultation Scheduled: Please check your patient portal for details.,warning,True,2024-11-22
541,3,New Message from Doctor,New Message from Doctor: Please check your patient portal for details.,reminder,False,2023-04-19
542,579,Follow-up Required,Follow-up Required: Please check your patient portal for details.,warning,True,2025-06-22
543,199,System Update,System Update: Please check your patient portal for details.,warning,True,2023-10-18
544,1066,Follow-up Required,Follow-up Required: Please check your patient portal for details.,reminder,True,2025-04-18
545,178,Payment Due,Payment Due: Please check your patient portal for details.,warning,False,2024-01-02
546,560,Appointment Reminder,Appointment Reminder: Please check your patient portal for details.,reminder,True,2025-05-26
547,477,Prescription Renewal,Prescription Renewal: Please check your patient portal for details.,warning,True,2024-02-06
548,1004,Appointment Reminder,Appointment Reminder: Please check your patient portal for details.,reminder,False,2024-08-25
549,157,Appointment Reminder,Appointment Reminder: Please check your patient portal for details.,warning,False,2025-04-21
550,326,Prescription Renewal,Prescription Renewal: Please check your patient portal for details.,alert,False,2024-07-02
551,251,Test Results Ready,Test Results Ready: Please check your patient portal for details.,warning,False,2025-12-29
552,431,Health Tip,Health Tip: Please check your patient portal for details.,reminder,True,2025-06-02
553,480,Test Results Ready,Test Results Ready: Please check your patient portal for details.,alert,True,2023-08-31
554,843,Follow-up Required,Follow-up Required: Please check your patient portal for details.,reminder,False,2025-04-20
555,1025,Follow-up Required,Follow-up Required: Please check your patient portal for details.,alert,True,2024-01-25
556,350,System Update,System Update: Please check your patient portal for details.,info,True,2023-05-01
557,365,System Update,System Update: Please check your patient portal for details.,info,False,2025-12-03
558,699,Lab Results Available,Lab Results Available: Please check your patient portal for details.,info,False,2025-12-12
559,167,Lab Results Available,Lab Results Available: Please check your patient portal for details.,info,True,2024-08-07
560,787,Appointment Reminder,Appointment Reminder: Please check your patient portal for details.,warning,True,2025-01-29
561,512,Test Results Ready,Test Results Ready: Please check your patient portal for details.,alert,True,2025-11-10
562,31,Lab Results Available,Lab Results Available: Please check your patient portal for details.,reminder,True,2026-01-06
563,233,Prescription Renewal,Prescription Renewal: Please check your patient portal for details.,warning,False,2025-05-28
564,467,Lab Results Available,Lab Results Available: Please check your patient portal for details.,alert,False,2025-02-22
565,810,Appointment Reminder,Appointment Reminder: Please check your patient portal for details.,warning,False,2023-07-14
566,814,Health Tip,Health Tip: Please check your patient portal for details.,warning,False,2025-12-18
567,1137,Health Tip,Health Tip: Please check your patient portal for details.,reminder,False,2025-11-15
568,942,Lab Results Available,Lab Results Available: Please check your patient portal for details.,info,True,2025-12-25
569,471,Follow-up Required,Follow-up Required: Please check your patient portal for details.,alert,False,2023-04-04
570,713,Lab Results Available,Lab Results Available: Please check your patient portal for details.,info,False,2025-08-29
571,477,Appointment Reminder,Appointment Reminder: Please check your patient portal for details.,info,True,2025-11-25
572,338,Lab Results Available,Lab Results Available: Please check your patient portal for details.,warning,True,2023-06-11
573,611,Health Tip,Health Tip: Please check your patient portal for details.,warning,False,2023-07-09
574,617,Consultation Scheduled,Consultation Scheduled: Please check your patient portal for details.,info,False,2024-08-28
575,634,Payment Due,Payment Due: Please check your patient portal for details.,alert,False,2023-10-28
576,672,System Update,System Update: Please check your patient portal for details.,alert,True,2024-09-07
577,1188,Appointment Reminder,Appointment Reminder: Please check your patient portal for details.,info,True,2026-04-24
578,925,Payment Due,Payment Due: Please check your patient portal for details.,warning,True,2024-07-20
579,737,Appointment Reminder,Appointment Reminder: Please check your patient portal for details.,info,False,2023-08-01
580,746,Lab Results Available,Lab Results Available: Please check your patient portal for details.,info,True,2023-03-31
581,440,Appointment Reminder,Appointment Reminder: Please check your patient portal for details.,alert,False,2025-03-10
582,145,New Message from Doctor,New Message from Doctor: Please check your patient portal for details.,info,False,2023-08-06
583,795,Payment Due,Payment Due: Please check your patient portal for details.,reminder,False,2024-09-28
584,1103,Prescription Renewal,Prescription Renewal: Please check your patient portal for details.,info,False,2023-09-17
585,1088,Follow-up Required,Follow-up Required: Please check your patient portal for details.,info,True,2025-12-30
586,798,System Update,System Update: Please check your patient portal for details.,alert,True,2024-04-08
587,576,Follow-up Required,Follow-up Required: Please check your patient portal for details.,reminder,True,2024-10-30
588,758,New Message from Doctor,New Message from Doctor: Please check your patient portal for details.,warning,False,2025-10-17
589,945,Prescription Renewal,Prescription Renewal: Please check your patient portal for details.,info,True,2026-03-14
590,840,Consultation Scheduled,Consultation Scheduled: Please check your patient portal for details.,alert,True,2023-02-22
591,1194,Lab Results Available,Lab Results Available: Please check your patient portal for details.,alert,True,2024-07-12
592,1197,Follow-up Required,Follow-up Required: Please check your patient portal for details.,info,False,2023-11-19
593,397,Lab Results Available,Lab Results Available: Please check your patient portal for details.,info,True,2025-06-17
594,115,Payment Due,Payment Due: Please check your patient portal for details.,alert,False,2024-05-12
595,897,Prescription Renewal,Prescription Renewal: Please check your patient portal for details.,info,False,2026-02-10
596,1180,Consultation Scheduled,Consultation Scheduled: Please check your patient portal for details.,reminder,False,2023-04-15
597,625,New Message from Doctor,New Message from Doctor: Please check your patient portal for details.,info,False,2025-07-24
598,181,Prescription Renewal,Prescription Renewal: Please check your patient portal for details.,alert,False,2025-03-06
599,710,Payment Due,Payment Due: Please check your patient portal for details.,reminder,True,2025-05-27
600,647,Payment Due,Payment Due: Please check your patient portal for details.,alert,False,2025-07-26
601,195,Test Results Ready,Test Results Ready: Please check your patient portal for details.,alert,True,2023-06-20
602,244,Prescription Renewal,Prescription Renewal: Please check your patient portal for details.,info,False,2023-02-06
603,215,Health Tip,Health Tip: Please check your patient portal for details.,info,False,2025-12-14
604,1161,Consultation Scheduled,Consultation Scheduled: Please check your patient portal for details.,reminder,False,2025-10-01
605,381,Payment Due,Payment Due: Please check your patient portal for details.,warning,False,2024-11-25
606,282,Test Results Ready,Test Results Ready: Please check your patient portal for details.,alert,False,2023-06-10
607,716,Appointment Reminder,Appointment Reminder: Please check your patient portal for details.,warning,True,2024-12-12
608,1052,Follow-up Required,Follow-up Required: Please check your patient portal for details.,info,False,2023-05-15
609,1033,Payment Due,Payment Due: Please check your patient portal for details.,warning,True,2024-06-01
610,419,Follow-up Required,Follow-up Required: Please check your patient portal for details.,warning,True,2026-04-28
611,1016,Health Tip,Health Tip: Please check your patient portal for details.,reminder,True,2023-09-25
612,254,Appointment Reminder,Appointment Reminder: Please check your patient portal for details.,info,True,2024-03-24
613,1194,Health Tip,Health Tip: Please check your patient portal for details.,warning,True,2026-03-03
614,29,Follow-up Required,Follow-up Required: Please check your patient portal for details.,info,True,2024-05-21
615,1004,Payment Due,Payment Due: Please check your patient portal for details.,reminder,False,2026-03-07
616,33,Lab Results Available,Lab Results Available: Please check your patient portal for details.,reminder,True,2024-11-25
617,887,Test Results Ready,Test Results Ready: Please check your patient portal for details.,info,True,2024-12-21
618,922,Health Tip,Health Tip: Please check your patient portal for details.,alert,True,2026-05-09
619,96,System Update,System Update: Please check your patient portal for details.,reminder,True,2023-10-20
620,945,System Update,System Update: Please check your patient portal for details.,info,False,2025-03-11
621,396,Payment Due,Payment Due: Please check your patient portal for details.,info,True,2025-11-23
622,396,Health Tip,Health Tip: Please check your patient portal for details.,alert,False,2025-12-22
623,1108,Consultation Scheduled,Consultation Scheduled: Please check your patient portal for details.,alert,True,2025-04-16
624,850,Lab Results Available,Lab Results Available: Please check your patient portal for details.,alert,True,2025-03-07
625,912,New Message from Doctor,New Message from Doctor: Please check your patient portal for details.,info,False,2025-07-26
626,652,Prescription Renewal,Prescription Renewal: Please check your patient portal for details.,alert,False,2024-01-04
627,788,System Update,System Update: Please check your patient portal for details.,info,False,2024-07-11
628,1107,System Update,System Update: Please check your patient portal for details.,alert,True,2024-06-26
629,198,Prescription Renewal,Prescription Renewal: Please check your patient portal for details.,reminder,False,2023-12-02
630,911,New Message from Doctor,New Message from Doctor: Please check your patient portal for details.,info,False,2023-03-20
631,1093,New Message from Doctor,New Message from Doctor: Please check your patient portal for details.,reminder,False,2023-03-25
632,660,Payment Due,Payment Due: Please check your patient portal for details.,warning,False,2024-08-27
633,1095,Lab Results Available,Lab Results Available: Please check your patient portal for details.,alert,False,2025-11-23
634,754,Appointment Reminder,Appointment Reminder: Please check your patient portal for details.,info,True,2026-03-21
635,232,System Update,System Update: Please check your patient portal for details.,warning,False,2023-05-08
636,898,Follow-up Required,Follow-up Required: Please check your patient portal for details.,info,False,2023-12-11
637,45,Lab Results Available,Lab Results Available: Please check your patient portal for details.,warning,False,2026-01-06
638,635,Consultation Scheduled,Consultation Scheduled: Please check your patient portal for details.,warning,True,2024-09-28
639,35,Follow-up Required,Follow-up Required: Please check your patient portal for details.,alert,True,2024-09-30
640,973,Health Tip,Health Tip: Please check your patient portal for details.,alert,True,2025-01-02
641,902,Prescription Renewal,Prescription Renewal: Please check your patient portal for details.,warning,False,2023-11-29
642,987,Consultation Scheduled,Consultation Scheduled: Please check your patient portal for details.,warning,True,2025-10-24
643,1169,Appointment Reminder,Appointment Reminder: Please check your patient portal for details.,warning,False,2024-10-14
644,608,Follow-up Required,Follow-up Required: Please check your patient portal for details.,alert,False,2024-05-24
645,366,Lab Results Available,Lab Results Available: Please check your patient portal for details.,info,False,2024-08-29
646,793,Health Tip,Health Tip: Please check your patient portal for details.,alert,True,2025-09-24
647,944,Consultation Scheduled,Consultation Scheduled: Please check your patient portal for details.,info,False,2026-03-05
648,7,System Update,System Update: Please check your patient portal for details.,info,False,2025-03-23
649,914,Payment Due,Payment Due: Please check your patient portal for details.,info,False,2023-02-09
650,1177,Test Results Ready,Test Results Ready: Please check your patient portal for details.,info,True,2023-03-23
651,442,Test Results Ready,Test Results Ready: Please check your patient portal for details.,alert,True,2024-10-14
652,989,Payment Due,Payment Due: Please check your patient portal for details.,warning,True,2023-04-27
653,69,Prescription Renewal,Prescription Renewal: Please check your patient portal for details.,info,False,2025-07-18
654,704,Test Results Ready,Test Results Ready: Please check your patient portal for details.,info,True,2023-04-23
655,526,Follow-up Required,Follow-up Required: Please check your patient portal for details.,reminder,True,2024-12-06
656,874,Payment Due,Payment Due: Please check your patient portal for details.,warning,True,2025-02-05
657,920,Prescription Renewal,Prescription Renewal: Please check your patient portal for details.,alert,False,2025-06-07
658,317,Prescription Renewal,Prescription Renewal: Please check your patient portal for details.,info,True,2023-08-21
659,924,Test Results Ready,Test Results Ready: Please check your patient portal for details.,warning,True,2026-03-01
660,45,Test Results Ready,Test Results Ready: Please check your patient portal for details.,warning,False,2023-03-01
661,241,Consultation Scheduled,Consultation Scheduled: Please check your patient portal for details.,alert,False,2023-03-01
662,935,Prescription Renewal,Prescription Renewal: Please check your patient portal for details.,info,True,2023-11-09
663,572,Health Tip,Health Tip: Please check your patient portal for details.,warning,True,2024-04-10
664,954,New Message from Doctor,New Message from Doctor: Please check your patient portal for details.,reminder,False,2025-10-03
665,975,System Update,System Update: Please check your patient portal for details.,reminder,False,2025-03-05
666,1117,Test Results Ready,Test Results Ready: Please check your patient portal for details.,warning,True,2024-07-21
667,240,Follow-up Required,Follow-up Required: Please check your patient portal for details.,reminder,True,2025-05-07
668,1151,System Update,System Update: Please check your patient portal for details.,info,False,2025-06-22
669,736,New Message from Doctor,New Message from Doctor: Please check your patient portal for details.,reminder,False,2024-12-06
670,1085,Test Results Ready,Test Results Ready: Please check your patient portal for details.,alert,False,2025-03-18
671,613,Test Results Ready,Test Results Ready: Please check your patient portal for details.,info,True,2024-07-21
672,282,New Message from Doctor,New Message from Doctor: Please check your patient portal for details.,warning,False,2025-03-01
673,1103,Prescription Renewal,Prescription Renewal: Please check your patient portal for details.,reminder,True,2025-03-27
674,709,Prescription Renewal,Prescription Renewal: Please check your patient portal for details.,warning,False,2024-03-01
675,669,Lab Results Available,Lab Results Available: Please check your patient portal for details.,info,False,2025-09-11
676,1087,Payment Due,Payment Due: Please check your patient portal for details.,warning,False,2023-05-20
677,561,Follow-up Required,Follow-up Required: Please check your patient portal for details.,alert,False,2025-06-22
678,616,New Message from Doctor,New Message from Doctor: Please check your patient portal for details.,alert,True,2026-04-11
679,913,Lab Results Available,Lab Results Available: Please check your patient portal for details.,info,True,2023-05-18
680,1073,Health Tip,Health Tip: Please check your patient portal for details.,alert,True,2025-10-15
681,997,System Update,System Update: Please check your patient portal for details.,alert,True,2025-04-19
682,1105,Health Tip,Health Tip: Please check your patient portal for details.,alert,False,2024-08-02
683,358,Appointment Reminder,Appointment Reminder: Please check your patient portal for details.,reminder,True,2024-10-26
684,964,Health Tip,Health Tip: Please check your patient portal for details.,reminder,False,2023-12-26
685,296,Lab Results Available,Lab Results Available: Please check your patient portal for details.,alert,True,2024-06-20
686,834,Test Results Ready,Test Results Ready: Please check your patient portal for details.,info,False,2024-10-13
687,233,Test Results Ready,Test Results Ready: Please check your patient portal for details.,warning,True,2023-09-29
688,131,Follow-up Required,Follow-up Required: Please check your patient portal for details.,info,True,2025-12-03
689,257,System Update,System Update: Please check your patient portal for details.,alert,True,2025-12-24
690,881,Health Tip,Health Tip: Please check your patient portal for details.,alert,False,2023-08-10
691,520,Payment Due,Payment Due: Please check your patient portal for details.,alert,True,2023-07-29
692,1013,Appointment Reminder,Appointment Reminder: Please check your patient portal for details.,reminder,True,2025-04-29
693,949,Appointment Reminder,Appointment Reminder: Please check your patient portal for details.,info,False,2025-01-26
694,338,Prescription Renewal,Prescription Renewal: Please check your patient portal for details.,alert,False,2023-06-09
695,274,Follow-up Required,Follow-up Required: Please check your patient portal for details.,alert,False,2024-11-16
696,316,System Update,System Update: Please check your patient portal for details.,reminder,False,2026-02-23
697,927,Consultation Scheduled,Consultation Scheduled: Please check your patient portal for details.,reminder,True,2025-02-15
698,1113,Consultation Scheduled,Consultation Scheduled: Please check your patient portal for details.,warning,True,2024-01-04
699,326,New Message from Doctor,New Message from Doctor: Please check your patient portal for details.,info,True,2024-03-14
700,166,Health Tip,Health Tip: Please check your patient portal for details.,info,True,2023-10-21
701,169,Follow-up Required,Follow-up Required: Please check your patient portal for details.,info,True,2025-12-28
702,521,New Message from Doctor,New Message from Doctor: Please check your patient portal for details.,reminder,False,2025-01-07
703,915,New Message from Doctor,New Message from Doctor: Please check your patient portal for details.,warning,False,2024-03-19
704,307,Health Tip,Health Tip: Please check your patient portal for details.,warning,True,2023-05-20
705,386,Prescription Renewal,Prescription Renewal: Please check your patient portal for details.,info,True,2025-05-01
706,800,System Update,System Update: Please check your patient portal for details.,reminder,True,2025-01-03
707,1051,Appointment Reminder,Appointment Reminder: Please check your patient portal for details.,reminder,False,2025-11-22
708,1019,Consultation Scheduled,Consultation Scheduled: Please check your patient portal for details.,warning,False,2024-10-08
709,1046,Follow-up Required,Follow-up Required: Please check your patient portal for details.,reminder,False,2023-10-18
710,972,Lab Results Available,Lab Results Available: Please check your patient portal for details.,warning,False,2023-04-20
711,295,Follow-up Required,Follow-up Required: Please check your patient portal for details.,reminder,False,2025-12-11
712,567,Test Results Ready,Test Results Ready: Please check your patient portal for details.,info,True,2025-02-16
713,818,Appointment Reminder,Appointment Reminder: Please check your patient portal for details.,reminder,False,2025-12-10
714,407,Appointment Reminder,Appointment Reminder: Please check your patient portal for details.,alert,True,2025-05-21
715,596,Payment Due,Payment Due: Please check your patient portal for details.,reminder,False,2023-12-30
716,549,Follow-up Required,Follow-up Required: Please check your patient portal for details.,reminder,False,2024-05-11
717,169,Prescription Renewal,Prescription Renewal: Please check your patient portal for details.,reminder,True,2023-03-29
718,1187,Prescription Renewal,Prescription Renewal: Please check your patient portal for details.,alert,False,2026-04-14
719,504,System Update,System Update: Please check your patient portal for details.,info,True,2023-06-13
720,294,Prescription Renewal,Prescription Renewal: Please check your patient portal for details.,info,True,2023-06-01
721,699,Lab Results Available,Lab Results Available: Please check your patient portal for details.,warning,False,2023-06-10
722,431,Payment Due,Payment Due: Please check your patient portal for details.,reminder,True,2024-10-26
723,596,Lab Results Available,Lab Results Available: Please check your patient portal for details.,alert,False,2023-12-05
724,471,New Message from Doctor,New Message from Doctor: Please check your patient portal for details.,info,True,2026-01-05
725,926,New Message from Doctor,New Message from Doctor: Please check your patient portal for details.,alert,False,2023-06-08
726,111,Appointment Reminder,Appointment Reminder: Please check your patient portal for details.,warning,True,2023-11-21
727,883,Appointment Reminder,Appointment Reminder: Please check your patient portal for details.,alert,True,2024-08-10
728,951,Health Tip,Health Tip: Please check your patient portal for details.,reminder,True,2023-11-26
729,873,New Message from Doctor,New Message from Doctor: Please check your patient portal for details.,reminder,False,2025-05-14
730,558,Consultation Scheduled,Consultation Scheduled: Please check your patient portal for details.,info,True,2024-03-03
731,288,Consultation Scheduled,Consultation Scheduled: Please check your patient portal for details.,warning,False,2024-06-11
732,498,New Message from Doctor,New Message from Doctor: Please check your patient portal for details.,alert,False,2024-04-28
733,113,Test Results Ready,Test Results Ready: Please check your patient portal for details.,reminder,True,2023-06-08
734,866,Follow-up Required,Follow-up Required: Please check your patient portal for details.,reminder,False,2026-01-22
735,305,Prescription Renewal,Prescription Renewal: Please check your patient portal for details.,reminder,True,2023-07-10
736,279,Lab Results Available,Lab Results Available: Please check your patient portal for details.,warning,False,2025-01-18
737,1027,Health Tip,Health Tip: Please check your patient portal for details.,warning,True,2024-02-26
738,43,New Message from Doctor,New Message from Doctor: Please check your patient portal for details.,info,False,2023-08-16
739,262,Test Results Ready,Test Results Ready: Please check your patient portal for details.,alert,True,2025-04-24
740,923,Appointment Reminder,Appointment Reminder: Please check your patient portal for details.,alert,False,2024-01-17
741,615,Follow-up Required,Follow-up Required: Please check your patient portal for details.,reminder,False,2025-08-18
742,668,System Update,System Update: Please check your patient portal for details.,alert,True,2023-07-31
743,473,Lab Results Available,Lab Results Available: Please check your patient portal for details.,reminder,False,2025-12-14
744,997,Consultation Scheduled,Consultation Scheduled: Please check your patient portal for details.,info,True,2023-09-25
745,612,Prescription Renewal,Prescription Renewal: Please check your patient portal for details.,alert,False,2024-10-11
746,880,Consultation Scheduled,Consultation Scheduled: Please check your patient portal for details.,reminder,False,2025-12-18
747,588,Test Results Ready,Test Results Ready: Please check your patient portal for details.,warning,True,2023-01-26
748,1173,Appointment Reminder,Appointment Reminder: Please check your patient portal for details.,warning,False,2026-02-10
749,707,Health Tip,Health Tip: Please check your patient portal for details.,alert,True,2025-02-13
750,390,Prescription Renewal,Prescription Renewal: Please check your patient portal for details.,alert,False,2023-03-12
751,384,New Message from Doctor,New Message from Doctor: Please check your patient portal for details.,info,True,2025-03-07
752,627,Prescription Renewal,Prescription Renewal: Please check your patient portal for details.,info,True,2023-12-21
753,482,Health Tip,Health Tip: Please check your patient portal for details.,alert,True,2025-11-23
754,1121,Appointment Reminder,Appointment Reminder: Please check your patient portal for details.,alert,True,2025-06-09
755,849,Follow-up Required,Follow-up Required: Please check your patient portal for details.,alert,True,2025-02-14
756,641,System Update,System Update: Please check your patient portal for details.,info,True,2026-02-27
757,829,Follow-up Required,Follow-up Required: Please check your patient portal for details.,warning,True,2024-12-08
758,848,Prescription Renewal,Prescription Renewal: Please check your patient portal for details.,warning,False,2023-02-24
759,353,Lab Results Available,Lab Results Available: Please check your patient portal for details.,info,True,2025-11-07
760,966,Appointment Reminder,Appointment Reminder: Please check your patient portal for details.,info,True,2023-03-24
761,1101,Prescription Renewal,Prescription Renewal: Please check your patient portal for details.,warning,True,2023-04-23
762,736,Consultation Scheduled,Consultation Scheduled: Please check your patient portal for details.,warning,True,2023-03-29
763,1110,System Update,System Update: Please check your patient portal for details.,warning,False,2025-02-24
764,101,Health Tip,Health Tip: Please check your patient portal for details.,info,False,2025-05-19
765,785,Lab Results Available,Lab Results Available: Please check your patient portal for details.,alert,True,2023-02-01
766,189,Follow-up Required,Follow-up Required: Please check your patient portal for details.,alert,True,2024-06-23
767,954,Test Results Ready,Test Results Ready: Please check your patient portal for details.,info,True,2025-09-24
768,393,System Update,System Update: Please check your patient portal for details.,info,False,2025-05-07
769,664,Appointment Reminder,Appointment Reminder: Please check your patient portal for details.,alert,False,2025-08-04
770,880,Appointment Reminder,Appointment Reminder: Please check your patient portal for details.,warning,False,2024-02-08
771,249,Payment Due,Payment Due: Please check your patient portal for details.,info,True,2024-12-14
772,109,Prescription Renewal,Prescription Renewal: Please check your patient portal for details.,reminder,False,2023-02-01
773,807,Consultation Scheduled,Consultation Scheduled: Please check your patient portal for details.,warning,False,2023-05-05
774,716,Prescription Renewal,Prescription Renewal: Please check your patient portal for details.,reminder,True,2025-05-25
775,527,Test Results Ready,Test Results Ready: Please check your patient portal for details.,alert,False,2025-02-20
776,1100,Payment Due,Payment Due: Please check your patient portal for details.,alert,False,2025-03-23
777,521,Payment Due,Payment Due: Please check your patient portal for details.,info,False,2023-12-06
778,1035,Follow-up Required,Follow-up Required: Please check your patient portal for details.,info,True,2023-01-11
779,28,Lab Results Available,Lab Results Available: Please check your patient portal for details.,warning,False,2024-06-22
780,392,New Message from Doctor,New Message from Doctor: Please check your patient portal for details.,reminder,False,2023-07-19
781,36,New Message from Doctor,New Message from Doctor: Please check your patient portal for details.,warning,True,2024-01-26
782,370,Prescription Renewal,Prescription Renewal: Please check your patient portal for details.,reminder,True,2024-04-02
783,985,Payment Due,Payment Due: Please check your patient portal for details.,warning,True,2024-03-04
784,482,Follow-up Required,Follow-up Required: Please check your patient portal for details.,reminder,True,2023-08-25
785,702,Follow-up Required,Follow-up Required: Please check your patient portal for details.,info,False,2025-10-08
786,830,Test Results Ready,Test Results Ready: Please check your patient portal for details.,alert,False,2025-06-14
787,161,Appointment Reminder,Appointment Reminder: Please check your patient portal for details.,info,True,2023-02-08
788,720,System Update,System Update: Please check your patient portal for details.,info,True,2025-12-20
789,781,Prescription Renewal,Prescription Renewal: Please check your patient portal for details.,reminder,False,2024-05-03
790,441,Consultation Scheduled,Consultation Scheduled: Please check your patient portal for details.,reminder,True,2024-08-07
791,115,Prescription Renewal,Prescription Renewal: Please check your patient portal for details.,alert,False,2024-04-06
792,177,Test Results Ready,Test Results Ready: Please check your patient portal for details.,reminder,False,2025-12-12
793,98,Appointment Reminder,Appointment Reminder: Please check your patient portal for details.,alert,False,2025-10-17
794,694,New Message from Doctor,New Message from Doctor: Please check your patient portal for details.,reminder,True,2024-03-10
795,225,Health Tip,Health Tip: Please check your patient portal for details.,warning,True,2024-01-30
796,1006,Appointment Reminder,Appointment Reminder: Please check your patient portal for details.,reminder,False,2024-06-08
797,795,Health Tip,Health Tip: Please check your patient portal for details.,reminder,True,2023-08-04
798,406,Health Tip,Health Tip: Please check your patient portal for details.,info,True,2025-11-03
799,752,Follow-up Required,Follow-up Required: Please check your patient portal for details.,info,False,2023-12-29
800,463,Prescription Renewal,Prescription Renewal: Please check your patient portal for details.,alert,False,2024-10-23
801,929,Appointment Reminder,Appointment Reminder: Please check your patient portal for details.,info,False,2025-07-08
802,512,Consultation Scheduled,Consultation Scheduled: Please check your patient portal for details.,alert,True,2023-05-17
803,97,Payment Due,Payment Due: Please check your patient portal for details.,reminder,True,2025-04-02
804,91,Test Results Ready,Test Results Ready: Please check your patient portal for details.,reminder,False,2023-06-19
805,377,New Message from Doctor,New Message from Doctor: Please check your patient portal for details.,warning,True,2023-03-19
806,1094,Prescription Renewal,Prescription Renewal: Please check your patient portal for details.,alert,True,2025-09-11
807,959,Test Results Ready,Test Results Ready: Please check your patient portal for details.,alert,True,2025-06-08
808,46,Follow-up Required,Follow-up Required: Please check your patient portal for details.,info,False,2025-03-06
809,22,System Update,System Update: Please check your patient portal for details.,reminder,False,2025-04-05
810,206,Lab Results Available,Lab Results Available: Please check your patient portal for details.,warning,True,2023-06-28
811,36,New Message from Doctor,New Message from Doctor: Please check your patient portal for details.,reminder,False,2024-09-15
812,450,Test Results Ready,Test Results Ready: Please check your patient portal for details.,warning,True,2026-04-13
813,1010,Test Results Ready,Test Results Ready: Please check your patient portal for details.,warning,True,2025-02-11
814,406,Lab Results Available,Lab Results Available: Please check your patient portal for details.,reminder,True,2025-10-24
815,836,System Update,System Update: Please check your patient portal for details.,info,False,2023-09-03
816,973,Test Results Ready,Test Results Ready: Please check your patient portal for details.,alert,False,2024-03-22
817,513,Test Results Ready,Test Results Ready: Please check your patient portal for details.,reminder,False,2024-07-26
818,348,Prescription Renewal,Prescription Renewal: Please check your patient portal for details.,info,False,2026-03-08
819,1175,Prescription Renewal,Prescription Renewal: Please check your patient portal for details.,reminder,False,2025-12-18
820,493,Appointment Reminder,Appointment Reminder: Please check your patient portal for details.,info,True,2024-12-17
821,1096,Appointment Reminder,Appointment Reminder: Please check your patient portal for details.,alert,False,2025-04-10
822,504,Follow-up Required,Follow-up Required: Please check your patient portal for details.,reminder,True,2023-03-22
823,1039,Health Tip,Health Tip: Please check your patient portal for details.,reminder,True,2024-08-17
824,1142,Health Tip,Health Tip: Please check your patient portal for details.,warning,True,2024-01-17
825,903,Prescription Renewal,Prescription Renewal: Please check your patient portal for details.,alert,False,2025-11-02
826,430,Follow-up Required,Follow-up Required: Please check your patient portal for details.,info,False,2026-04-08
827,385,Prescription Renewal,Prescription Renewal: Please check your patient portal for details.,info,True,2025-03-01
828,971,Lab Results Available,Lab Results Available: Please check your patient portal for details.,alert,False,2023-07-12
829,245,Appointment Reminder,Appointment Reminder: Please check your patient portal for details.,warning,False,2023-03-31
830,358,Appointment Reminder,Appointment Reminder: Please check your patient portal for details.,alert,True,2025-06-13
831,136,New Message from Doctor,New Message from Doctor: Please check your patient portal for details.,reminder,False,2025-07-20
832,536,Lab Results Available,Lab Results Available: Please check your patient portal for details.,alert,True,2025-10-25
833,558,Health Tip,Health Tip: Please check your patient portal for details.,info,True,2023-05-08
834,58,Appointment Reminder,Appointment Reminder: Please check your patient portal for details.,info,True,2024-05-04
835,121,Prescription Renewal,Prescription Renewal: Please check your patient portal for details.,info,False,2026-01-26
836,38,Follow-up Required,Follow-up Required: Please check your patient portal for details.,info,True,2023-07-11
837,507,System Update,System Update: Please check your patient portal for details.,warning,True,2024-12-28
838,1144,Lab Results Available,Lab Results Available: Please check your patient portal for details.,warning,False,2025-10-04
839,302,Follow-up Required,Follow-up Required: Please check your patient portal for details.,reminder,True,2025-07-07
840,862,Follow-up Required,Follow-up Required: Please check your patient portal for details.,reminder,False,2023-06-04
841,1061,Follow-up Required,Follow-up Required: Please check your patient portal for details.,alert,True,2025-02-03
842,1117,Consultation Scheduled,Consultation Scheduled: Please check your patient portal for details.,warning,False,2024-11-03
843,908,Follow-up Required,Follow-up Required: Please check your patient portal for details.,alert,True,2026-04-24
844,214,Follow-up Required,Follow-up Required: Please check your patient portal for details.,alert,True,2024-01-15
845,31,Health Tip,Health Tip: Please check your patient portal for details.,warning,True,2025-12-05
846,269,Payment Due,Payment Due: Please check your patient portal for details.,reminder,False,2023-09-06
847,1161,New Message from Doctor,New Message from Doctor: Please check your patient portal for details.,alert,True,2023-10-05
848,773,Payment Due,Payment Due: Please check your patient portal for details.,alert,True,2025-02-27
849,1176,System Update,System Update: Please check your patient portal for details.,warning,False,2025-07-16
850,55,Health Tip,Health Tip: Please check your patient portal for details.,alert,False,2024-12-28
851,934,Follow-up Required,Follow-up Required: Please check your patient portal for details.,alert,False,2026-05-07
852,922,New Message from Doctor,New Message from Doctor: Please check your patient portal for details.,reminder,False,2025-10-01
853,889,New Message from Doctor,New Message from Doctor: Please check your patient portal for details.,warning,True,2023-03-22
854,947,Test Results Ready,Test Results Ready: Please check your patient portal for details.,info,False,2025-12-10
855,273,Consultation Scheduled,Consultation Scheduled: Please check your patient portal for details.,warning,False,2024-04-26
856,459,System Update,System Update: Please check your patient portal for details.,warning,False,2025-08-15
857,579,Lab Results Available,Lab Results Available: Please check your patient portal for details.,warning,False,2025-10-18
858,1152,Health Tip,Health Tip: Please check your patient portal for details.,alert,False,2025-07-08
859,107,New Message from Doctor,New Message from Doctor: Please check your patient portal for details.,warning,False,2024-06-19
860,825,Appointment Reminder,Appointment Reminder: Please check your patient portal for details.,reminder,True,2023-06-16
861,942,Consultation Scheduled,Consultation Scheduled: Please check your patient portal for details.,warning,True,2024-05-24
862,447,Appointment Reminder,Appointment Reminder: Please check your patient portal for details.,reminder,False,2026-02-21
863,1196,Prescription Renewal,Prescription Renewal: Please check your patient portal for details.,info,True,2023-11-17
864,710,Test Results Ready,Test Results Ready: Please check your patient portal for details.,alert,False,2024-03-22
865,113,Health Tip,Health Tip: Please check your patient portal for details.,warning,False,2023-03-07
866,899,System Update,System Update: Please check your patient portal for details.,info,True,2025-05-04
867,261,Consultation Scheduled,Consultation Scheduled: Please check your patient portal for details.,info,False,2024-07-31
868,461,Follow-up Required,Follow-up Required: Please check your patient portal for details.,reminder,True,2026-02-26
869,1008,Follow-up Required,Follow-up Required: Please check your patient portal for details.,alert,True,2026-01-23
870,585,Health Tip,Health Tip: Please check your patient portal for details.,alert,False,2023-09-12
871,229,New Message from Doctor,New Message from Doctor: Please check your patient portal for details.,warning,False,2025-12-18
872,648,System Update,System Update: Please check your patient portal for details.,alert,True,2024-06-08
873,414,Payment Due,Payment Due: Please check your patient portal for details.,reminder,True,2024-05-28
874,214,Payment Due,Payment Due: Please check your patient portal for details.,warning,False,2025-07-21
875,366,Follow-up Required,Follow-up Required: Please check your patient portal for details.,info,False,2023-12-02
876,1147,New Message from Doctor,New Message from Doctor: Please check your patient portal for details.,info,True,2024-05-20
877,293,Lab Results Available,Lab Results Available: Please check your patient portal for details.,reminder,False,2025-05-18
878,920,Appointment Reminder,Appointment Reminder: Please check your patient portal for details.,info,True,2025-11-12
879,953,Lab Results Available,Lab Results Available: Please check your patient portal for details.,alert,True,2023-01-15
880,549,Test Results Ready,Test Results Ready: Please check your patient portal for details.,warning,True,2025-09-02
881,161,Health Tip,Health Tip: Please check your patient portal for details.,info,True,2023-12-20
882,162,Consultation Scheduled,Consultation Scheduled: Please check your patient portal for details.,info,False,2023-03-08
883,642,Appointment Reminder,Appointment Reminder: Please check your patient portal for details.,warning,False,2025-02-27
884,224,Lab Results Available,Lab Results Available: Please check your patient portal for details.,alert,True,2024-08-27
885,185,New Message from Doctor,New Message from Doctor: Please check your patient portal for details.,reminder,True,2024-07-25
886,835,Test Results Ready,Test Results Ready: Please check your patient portal for details.,reminder,False,2024-11-02
887,176,Prescription Renewal,Prescription Renewal: Please check your patient portal for details.,warning,True,2024-11-27
888,746,System Update,System Update: Please check your patient portal for details.,info,False,2024-09-09
889,179,Test Results Ready,Test Results Ready: Please check your patient portal for details.,alert,False,2024-02-01
890,49,Consultation Scheduled,Consultation Scheduled: Please check your patient portal for details.,alert,True,2024-04-21
891,1050,Payment Due,Payment Due: Please check your patient portal for details.,reminder,False,2024-11-12
892,40,Appointment Reminder,Appointment Reminder: Please check your patient portal for details.,alert,False,2024-06-20
893,428,Test Results Ready,Test Results Ready: Please check your patient portal for details.,warning,False,2023-01-03
894,132,System Update,System Update: Please check your patient portal for details.,info,False,2025-01-19
895,474,Payment Due,Payment Due: Please check your patient portal for details.,reminder,False,2023-02-10
896,805,Payment Due,Payment Due: Please check your patient portal for details.,alert,False,2025-09-21
897,1039,Lab Results Available,Lab Results Available: Please check your patient portal for details.,warning,False,2023-05-13
898,633,Test Results Ready,Test Results Ready: Please check your patient portal for details.,warning,False,2024-07-18
899,1122,Payment Due,Payment Due: Please check your patient portal for details.,reminder,True,2024-10-09
900,443,Test Results Ready,Test Results Ready: Please check your patient portal for details.,info,True,2024-06-27
901,403,Test Results Ready,Test Results Ready: Please check your patient portal for details.,info,False,2023-03-22
902,776,Consultation Scheduled,Consultation Scheduled: Please check your patient portal for details.,warning,False,2025-04-07
903,746,Lab Results Available,Lab Results Available: Please check your patient portal for details.,warning,True,2025-07-22
904,176,Appointment Reminder,Appointment Reminder: Please check your patient portal for details.,info,False,2026-04-08
905,213,Prescription Renewal,Prescription Renewal: Please check your patient portal for details.,alert,False,2024-04-27
906,1058,Follow-up Required,Follow-up Required: Please check your patient portal for details.,alert,True,2026-02-22
907,201,System Update,System Update: Please check your patient portal for details.,warning,True,2025-01-12
908,100,System Update,System Update: Please check your patient portal for details.,info,False,2024-03-08
909,490,System Update,System Update: Please check your patient portal for details.,warning,True,2025-03-11
910,261,Test Results Ready,Test Results Ready: Please check your patient portal for details.,warning,True,2026-02-05
911,878,Test Results Ready,Test Results Ready: Please check your patient portal for details.,alert,True,2023-08-16
912,346,Follow-up Required,Follow-up Required: Please check your patient portal for details.,info,True,2025-11-12
913,434,Appointment Reminder,Appointment Reminder: Please check your patient portal for details.,info,False,2023-12-21
914,490,Health Tip,Health Tip: Please check your patient portal for details.,info,True,2023-12-15
915,550,Test Results Ready,Test Results Ready: Please check your patient portal for details.,info,False,2025-10-08
916,1169,Lab Results Available,Lab Results Available: Please check your patient portal for details.,alert,False,2025-03-30
917,251,System Update,System Update: Please check your patient portal for details.,alert,True,2025-10-03
918,175,Lab Results Available,Lab Results Available: Please check your patient portal for details.,alert,True,2023-11-02
919,486,Consultation Scheduled,Consultation Scheduled: Please check your patient portal for details.,reminder,True,2024-05-24
920,430,Test Results Ready,Test Results Ready: Please check your patient portal for details.,warning,True,2025-02-03
921,507,Test Results Ready,Test Results Ready: Please check your patient portal for details.,alert,True,2026-01-17
922,943,Prescription Renewal,Prescription Renewal: Please check your patient portal for details.,reminder,False,2023-02-15
923,559,Appointment Reminder,Appointment Reminder: Please check your patient portal for details.,reminder,True,2024-06-29
924,915,New Message from Doctor,New Message from Doctor: Please check your patient portal for details.,info,False,2026-02-01
925,340,Health Tip,Health Tip: Please check your patient portal for details.,warning,True,2026-01-03
926,264,Follow-up Required,Follow-up Required: Please check your patient portal for details.,reminder,False,2026-01-26
927,330,Lab Results Available,Lab Results Available: Please check your patient portal for details.,alert,True,2025-02-07
928,267,System Update,System Update: Please check your patient portal for details.,alert,True,2024-03-10
929,1072,Payment Due,Payment Due: Please check your patient portal for details.,reminder,False,2024-04-17
930,290,Prescription Renewal,Prescription Renewal: Please check your patient portal for details.,warning,True,2023-10-10
931,517,Prescription Renewal,Prescription Renewal: Please check your patient portal for details.,alert,True,2025-07-16
932,1140,Consultation Scheduled,Consultation Scheduled: Please check your patient portal for details.,alert,True,2023-11-21
933,698,Follow-up Required,Follow-up Required: Please check your patient portal for details.,info,False,2024-12-02
934,280,Health Tip,Health Tip: Please check your patient portal for details.,alert,False,2025-09-03
935,712,System Update,System Update: Please check your patient portal for details.,info,False,2024-06-12
936,954,Follow-up Required,Follow-up Required: Please check your patient portal for details.,info,False,2025-05-18
937,640,Consultation Scheduled,Consultation Scheduled: Please check your patient portal for details.,reminder,False,2023-06-09
938,8,Test Results Ready,Test Results Ready: Please check your patient portal for details.,alert,False,2023-03-10
939,792,Test Results Ready,Test Results Ready: Please check your patient portal for details.,warning,False,2024-03-20
940,362,System Update,System Update: Please check your patient portal for details.,warning,True,2024-07-03
941,613,Follow-up Required,Follow-up Required: Please check your patient portal for details.,warning,False,2025-02-05
942,244,System Update,System Update: Please check your patient portal for details.,reminder,False,2023-01-11
943,1127,System Update,System Update: Please check your patient portal for details.,alert,False,2024-10-13
944,541,New Message from Doctor,New Message from Doctor: Please check your patient portal for details.,warning,True,2024-10-21
945,923,Appointment Reminder,Appointment Reminder: Please check your patient portal for details.,alert,False,2023-12-31
946,710,Appointment Reminder,Appointment Reminder: Please check your patient portal for details.,info,False,2023-12-21
947,384,Appointment Reminder,Appointment Reminder: Please check your patient portal for details.,reminder,True,2025-07-07
948,909,Lab Results Available,Lab Results Available: Please check your patient portal for details.,reminder,False,2026-01-27
949,975,Prescription Renewal,Prescription Renewal: Please check your patient portal for details.,reminder,False,2026-04-11
950,265,Payment Due,Payment Due: Please check your patient portal for details.,info,False,2023-12-19
951,1063,Consultation Scheduled,Consultation Scheduled: Please check your patient portal for details.,info,False,2025-05-20
952,1126,Prescription Renewal,Prescription Renewal: Please check your patient portal for details.,info,True,2025-11-07
953,360,Appointment Reminder,Appointment Reminder: Please check your patient portal for details.,alert,True,2026-05-01
954,1028,Health Tip,Health Tip: Please check your patient portal for details.,warning,True,2023-03-15
955,1189,Prescription Renewal,Prescription Renewal: Please check your patient portal for details.,reminder,True,2023-08-24
956,9,System Update,System Update: Please check your patient portal for details.,reminder,True,2024-02-05
957,708,Follow-up Required,Follow-up Required: Please check your patient portal for details.,alert,True,2024-03-09
958,102,Prescription Renewal,Prescription Renewal: Please check your patient portal for details.,alert,True,2026-04-18
959,1189,Appointment Reminder,Appointment Reminder: Please check your patient portal for details.,warning,False,2023-06-27
960,47,Appointment Reminder,Appointment Reminder: Please check your patient portal for details.,warning,True,2025-09-08
961,1150,Prescription Renewal,Prescription Renewal: Please check your patient portal for details.,reminder,False,2026-03-17
962,1169,Health Tip,Health Tip: Please check your patient portal for details.,warning,False,2024-05-28
963,434,Prescription Renewal,Prescription Renewal: Please check your patient portal for details.,alert,True,2024-04-20
964,365,Prescription Renewal,Prescription Renewal: Please check your patient portal for details.,reminder,True,2026-02-02
965,10,New Message from Doctor,New Message from Doctor: Please check your patient portal for details.,alert,True,2023-01-26
966,478,New Message from Doctor,New Message from Doctor: Please check your patient portal for details.,info,False,2023-08-05
967,711,Appointment Reminder,Appointment Reminder: Please check your patient portal for details.,alert,False,2023-10-31
968,602,Payment Due,Payment Due: Please check your patient portal for details.,info,False,2026-03-25
969,332,Appointment Reminder,Appointment Reminder: Please check your patient portal for details.,reminder,True,2025-01-03
970,173,Prescription Renewal,Prescription Renewal: Please check your patient portal for details.,warning,False,2025-02-23
971,94,Appointment Reminder,Appointment Reminder: Please check your patient portal for details.,alert,False,2026-03-29
972,575,Lab Results Available,Lab Results Available: Please check your patient portal for details.,info,False,2023-08-14
973,765,System Update,System Update: Please check your patient portal for details.,info,True,2025-04-10
974,606,Health Tip,Health Tip: Please check your patient portal for details.,alert,True,2025-08-23
975,258,Test Results Ready,Test Results Ready: Please check your patient portal for details.,info,True,2023-10-26
976,648,System Update,System Update: Please check your patient portal for details.,alert,False,2025-12-03
977,418,Follow-up Required,Follow-up Required: Please check your patient portal for details.,warning,True,2026-03-01
978,905,Health Tip,Health Tip: Please check your patient portal for details.,alert,False,2023-06-02
979,687,Follow-up Required,Follow-up Required: Please check your patient portal for details.,warning,False,2026-05-03
980,664,New Message from Doctor,New Message from Doctor: Please check your patient portal for details.,info,False,2025-06-18
981,1018,Appointment Reminder,Appointment Reminder: Please check your patient portal for details.,info,False,2023-06-30
982,171,Appointment Reminder,Appointment Reminder: Please check your patient portal for details.,warning,False,2024-01-22
983,449,Payment Due,Payment Due: Please check your patient portal for details.,warning,False,2023-11-01
984,235,New Message from Doctor,New Message from Doctor: Please check your patient portal for details.,warning,True,2024-06-28
985,23,Test Results Ready,Test Results Ready: Please check your patient portal for details.,info,False,2024-10-18
986,1092,Health Tip,Health Tip: Please check your patient portal for details.,alert,False,2024-05-22
987,226,Follow-up Required,Follow-up Required: Please check your patient portal for details.,warning,False,2023-04-26
988,769,Lab Results Available,Lab Results Available: Please check your patient portal for details.,info,False,2024-09-14
989,299,Lab Results Available,Lab Results Available: Please check your patient portal for details.,info,False,2024-06-09
990,235,System Update,System Update: Please check your patient portal for details.,warning,False,2024-10-28
991,1190,Test Results Ready,Test Results Ready: Please check your patient portal for details.,info,False,2024-02-25
992,477,Payment Due,Payment Due: Please check your patient portal for details.,alert,False,2024-09-17
993,1124,Lab Results Available,Lab Results Available: Please check your patient portal for details.,reminder,True,2023-06-30
994,447,New Message from Doctor,New Message from Doctor: Please check your patient portal for details.,reminder,True,2023-01-02
995,191,System Update,System Update: Please check your patient portal for details.,info,True,2023-08-09
996,10,Payment Due,Payment Due: Please check your patient portal for details.,warning,True,2024-01-07
997,561,Follow-up Required,Follow-up Required: Please check your patient portal for details.,warning,True,2025-02-26
998,712,Follow-up Required,Follow-up Required: Please check your patient portal for details.,reminder,True,2025-11-18
999,1027,Lab Results Available,Lab Results Available: Please check your patient portal for details.,alert,False,2024-10-29
1000,134,New Message from Doctor,New Message from Doctor: Please check your patient portal for details.,info,False,2024-08-06
