id_user,first_name,last_name,email,password,phone,gender,role,created_at,status
1,Mohamed,Trabelsi,mohamed_trabelsi@email.tn,aebc40795d851ad6,+216 49 572 753,M,patient,2023-06-05,active
2,Fatma,Ben Ali,fatma_benali@email.tn,8f487b55974489c7,+216 78 361 782,F,patient,2022-01-20,active
3,Ines,Hammami,ines_hammami@email.tn,17989457296a7f75,+216 79 394 793,F,staff,2022-11-20,active
4,Ridha,Mbarki,ridha_mbarki4@email.tn,22c1f76978d50dc7,+216 95 406 754,M,patient,2024-10-03,active
5,Lobna,Mejri,lobna_mejri5@email.tn,82616fd9619d87e1,+216 69 973 594,F,staff,2021-03-12,active
6,Hela,Oueslati,hela_oueslati6@email.tn,4edd017fee8d84d8,+216 57 122 949,F,patient,2024-06-09,active
7,Mourad,Kraiem,mourad_kraiem7@email.tn,1033c342da73faee,+216 83 952 393,M,patient,2022-07-31,active
8,Olfa,Rezgui,olfa_rezgui8@email.tn,8b7d57f56d7649a0,+216 44 735 356,F,staff,2021-07-14,active
9,Maher,Ben Mansour,maher_benmansour9@email.tn,04f9398722f9d110,+216 76 134 693,M,patient,2024-02-03,active
10,Bassem,Hamrouni,bassem_hamrouni10@email.tn,4683532542b6b70e,+216 73 279 305,M,admin,2021-06-25,active
11,Cyrine,Saidi,cyrine_saidi11@email.tn,250ea177e49f6d31,+216 54 950 268,F,patient,2022-11-18,inactive
12,Amel,Kraiem,amel_kraiem12@email.tn,164b62940147cb14,+216 63 923 217,F,patient,2025-04-02,inactive
13,Fethi,Dridi,fethi_dridi13@email.tn,2c53af2a69c4e627,+216 70 966 923,M,patient,2026-04-01,active
14,Fatma,Nasri,fatma_nasri14@email.tn,628e87a679e43937,+216 88 226 565,F,nurse,2024-02-18,active
15,Ibtissem,Ben Youssef,ibtissem_benyoussef15@email.tn,a469706c7f89386a,+216 67 210 791,F,patient,2022-08-15,active
16,Imen,Dridi,imen_dridi16@email.tn,690b5a6806b73cf5,+216 28 750 943,F,patient,2025-03-16,inactive
17,Radhia,Turki,radhia_turki17@email.tn,cef6d48ef87fcc33,+216 34 243 146,F,nurse,2020-06-01,active
18,Sirine,Sfar,sirine_sfar18@email.tn,a031de26e0494df8,+216 50 650 238,F,staff,2024-05-10,active
19,Ibtissem,Kraiem,ibtissem_kraiem19@email.tn,408e35a09bdc879b,+216 39 524 770,F,staff,2021-02-09,active
20,Rim,Hammami,rim_hammami20@email.tn,9d1715bc4e4d1771,+216 67 322 554,F,patient,2024-12-26,inactive
21,Amira,Zouari,amira_zouari21@email.tn,db71333d788f59ba,+216 67 657 760,F,patient,2024-01-09,active
22,Wafa,Jebali,wafa_jebali22@email.tn,6374759d91c0b759,+216 78 193 778,F,staff,2022-05-18,active
23,Omar,Ben Mansour,omar_benmansour23@email.tn,e986f9feecc9e327,+216 62 349 228,M,patient,2026-05-01,active
24,Aymen,Souissi,aymen_souissi24@email.tn,dffdab00aed0edd3,+216 49 436 892,M,nurse,2021-08-27,active
25,Skander,Karray,skander_karray25@email.tn,c01ebc257182e8c8,+216 38 233 653,M,patient,2022-10-23,active
26,Elyès,Sellami,elyès_sellami26@email.tn,469f9ca351b101d4,+216 23 234 115,M,staff,2024-01-07,active
27,Aymen,Hamrouni,aymen_hamrouni27@email.tn,d9007556db8d980f,+216 22 278 371,M,patient,2020-08-02,active
28,Cyrine,Jebali,cyrine_jebali28@email.tn,17d99bd331d3bc9b,+216 28 587 559,F,patient,2024-01-22,active
29,Ridha,Saidi,ridha_saidi29@email.tn,a3ec82de37e02e7f,+216 48 729 144,M,intern,2025-11-05,active
30,Omar,Lassoued,omar_lassoued30@email.tn,589f89040e49a5ea,+216 71 536 802,M,patient,2021-03-18,active
31,Nour,Azaiez,nour_azaiez31@email.tn,95e0d84bd7307ffe,+216 30 429 722,F,staff,2021-08-30,active
32,Imen,Rezgui,imen_rezgui32@email.tn,67fad2d4cc62432d,+216 94 661 829,F,nurse,2023-08-24,active
33,Raja,Saidi,raja_saidi33@email.tn,f8b4fa41312aedcf,+216 97 540 201,F,patient,2021-04-13,active
34,Mondher,Ayari,mondher_ayari34@email.tn,07b1ff6b9801c11f,+216 49 523 447,M,staff,2025-01-31,active
35,Hedi,Jelassi,hedi_jelassi35@email.tn,7131494b05048c56,+216 60 781 361,M,patient,2024-03-13,inactive
36,Nour,Maaloul,nour_maaloul36@email.tn,33ce091e576d61d7,+216 30 195 542,F,patient,2021-01-30,active
37,Yasmine,Bahri,yasmine_bahri37@email.tn,f6a76d5f3fcd3f72,+216 27 700 675,F,patient,2026-04-19,active
38,Chokri,Mbarki,chokri_mbarki38@email.tn,1747349027320a8f,+216 74 988 838,M,patient,2020-07-29,inactive
39,Mariem,Sfar,mariem_sfar39@email.tn,80dbaaa554c29a54,+216 93 619 317,F,staff,2021-09-25,active
40,Amine,Mbarki,amine_mbarki40@email.tn,ced283b0e732bc5e,+216 91 476 217,M,nurse,2023-02-15,active
41,Nadia,Hachani,nadia_hachani41@email.tn,781903cf709b16e9,+216 99 728 791,F,patient,2026-03-30,active
42,Ines,Mathlouthi,ines_mathlouthi42@email.tn,93f0b92c144c0269,+216 54 819 880,F,patient,2023-06-19,inactive
43,Fatma,Mathlouthi,fatma_mathlouthi43@email.tn,b22bd8ab256fb0ae,+216 38 679 773,F,staff,2024-06-29,active
44,Hamza,Kraiem,hamza_kraiem44@email.tn,2e192715e8940283,+216 87 320 485,M,intern,2024-09-15,active
45,Hatem,Tlili,hatem_tlili45@email.tn,010937f1848e0986,+216 61 895 681,M,patient,2020-12-13,active
46,Anis,Rhouma,anis_rhouma46@email.tn,cfd6419d90a05f57,+216 99 150 790,M,intern,2020-11-30,active
47,Faten,Belhaj,faten_belhaj47@email.tn,e200ac8a2ea6300b,+216 76 524 379,F,nurse,2022-06-01,active
48,Lotfi,Jelassi,lotfi_jelassi48@email.tn,86ebd2b97f6c0ef6,+216 34 390 794,M,patient,2025-06-16,active
49,Leila,Dridi,leila_dridi49@email.tn,008ca328c89ccbe7,+216 70 713 156,F,staff,2020-02-01,active
50,Habib,Ghannouchi,habib_ghannouchi50@email.tn,67ce5110218b5c02,+216 52 396 435,M,staff,2021-05-06,active
51,Hana,Ghannouchi,hana_ghannouchi51@email.tn,363369efce9226bc,+216 68 645 820,F,staff,2022-07-31,active
52,Nour,Haddad,nour_haddad52@email.tn,6221b91151da650d,+216 25 546 119,F,patient,2025-02-26,inactive
53,Hela,Jelassi,hela_jelassi53@email.tn,688584d057a8c1bf,+216 93 514 826,F,staff,2024-09-06,active
54,Ines,Hamrouni,ines_hamrouni54@email.tn,8d3813805502fd9e,+216 41 920 732,F,nurse,2025-02-27,active
55,Salma,Jelassi,salma_jelassi55@email.tn,a5beecc0a389cf02,+216 33 349 546,F,patient,2024-06-28,active
56,Lobna,Kraiem,lobna_kraiem56@email.tn,a596ca8be4fc4036,+216 63 326 441,F,patient,2021-11-19,active
57,Khaled,Saidi,khaled_saidi57@email.tn,9b72dd20d3eecfd6,+216 44 894 457,M,patient,2023-12-09,active
58,Tarek,Sfar,tarek_sfar58@email.tn,5ded5d333ea6a8f2,+216 38 362 302,M,patient,2021-12-11,active
59,Nizar,Hachani,nizar_hachani59@email.tn,1a7d3052d7271d84,+216 83 575 872,M,patient,2026-04-28,active
60,Thouraya,Boughanmi,thouraya_boughanmi60@email.tn,7a8bc4752f469baf,+216 92 758 750,F,staff,2023-08-16,active
61,Maryem,Ayari,maryem_ayari61@email.tn,693e22d754264563,+216 28 580 552,F,patient,2023-05-25,active
62,Lotfi,Saidi,lotfi_saidi62@email.tn,1af56cdf14bc9bf9,+216 29 417 572,M,patient,2025-01-25,active
63,Amel,Bouazizi,amel_bouazizi63@email.tn,67b2320b38ca0432,+216 31 729 708,F,staff,2025-09-07,active
64,Ridha,Boughdiri,ridha_boughdiri64@email.tn,41015116cdfbafa2,+216 93 767 292,M,patient,2023-08-09,active
65,Omar,Ayari,omar_ayari65@email.tn,cd19cc78cdffc5c5,+216 33 930 957,M,staff,2023-11-07,inactive
66,Samir,Douzi,samir_douzi66@email.tn,cceb4752c293d37b,+216 42 140 353,M,nurse,2024-11-28,inactive
67,Hatem,Ben Salah,hatem_bensalah67@email.tn,aa25a6dbee9375f7,+216 56 496 518,M,patient,2023-10-17,active
68,Ghassen,Douzi,ghassen_douzi68@email.tn,7e91d7e4f7cd7d61,+216 62 167 437,M,admin,2021-01-22,active
69,Amel,Nasri,amel_nasri69@email.tn,951d0c9d75a22094,+216 97 994 253,F,patient,2023-09-27,active
70,Lotfi,Tlili,lotfi_tlili70@email.tn,8c128ae0f9538009,+216 70 232 709,M,nurse,2020-12-13,active
71,Radhia,Ben Mansour,radhia_benmansour71@email.tn,5f3934babd269b24,+216 62 932 230,F,patient,2025-11-26,active
72,Emna,Ben Salah,emna_bensalah72@email.tn,023c5697faadebb4,+216 22 471 416,F,patient,2022-01-08,inactive
73,Sabah,Boukadida,sabah_boukadida73@email.tn,5fb0e32ee12bfd85,+216 44 331 240,F,patient,2021-09-26,active
74,Samir,Hachani,samir_hachani74@email.tn,dd03a3973db75056,+216 89 955 856,M,staff,2025-11-26,active
75,Sabah,Labidi,sabah_labidi75@email.tn,c2a7da0e369e43ab,+216 36 711 485,F,staff,2021-09-23,active
76,Aziz,Ayari,aziz_ayari76@email.tn,8a9f79c5a2dd1002,+216 25 520 473,M,patient,2022-08-30,inactive
77,Ferida,Kraiem,ferida_kraiem77@email.tn,e0a768f2bd6fbfdc,+216 77 339 646,F,patient,2022-09-06,active
78,Wafa,Ben Salah,wafa_bensalah78@email.tn,9e82f80833f3f062,+216 93 551 572,F,nurse,2023-02-28,active
79,Sana,Meddeb,sana_meddeb79@email.tn,790fcd6a93d73042,+216 45 920 719,F,patient,2021-07-20,active
80,Rayen,Lassoued,rayen_lassoued80@email.tn,7728763b2bf2038e,+216 67 667 205,M,patient,2025-10-14,active
81,Salma,Rhouma,salma_rhouma81@email.tn,4ace711ede1f2cac,+216 40 379 560,F,admin,2025-10-03,active
82,Salma,Boughdiri,salma_boughdiri82@email.tn,e471683b62248ebe,+216 48 936 561,F,intern,2023-12-02,inactive
83,Rania,Haddad,rania_haddad83@email.tn,76c6d9efe6aa6a77,+216 84 482 341,F,nurse,2024-04-30,inactive
84,Olfa,Trabelsi,olfa_trabelsi84@email.tn,ea0a1e8952b899de,+216 60 201 959,F,patient,2023-10-05,active
85,Ali,Oueslati,ali_oueslati85@email.tn,067662e69286e05d,+216 80 812 951,M,patient,2021-07-22,active
86,Latifa,Labidi,latifa_labidi86@email.tn,87c288caa6b53def,+216 20 181 119,F,patient,2022-11-14,active
87,Makram,Brik,makram_brik87@email.tn,014e6a3d80f3d1b4,+216 97 640 533,M,patient,2021-03-31,active
88,Maher,Jebali,maher_jebali88@email.tn,d271d3b785b5ca38,+216 26 344 529,M,patient,2025-02-15,active
89,Zaineb,Zghal,zaineb_zghal89@email.tn,8015f961bee81d9e,+216 22 747 627,F,patient,2022-09-17,active
90,Houda,Ben Ali,houda_benali90@email.tn,98c72096130a4d10,+216 98 461 346,F,intern,2024-09-02,active
91,Khaled,Ben Salah,khaled_bensalah91@email.tn,3707051cf1d63bdd,+216 28 638 657,M,staff,2025-09-09,active
92,Zied,Sellami,zied_sellami92@email.tn,d5754549018476f1,+216 80 144 750,M,staff,2024-05-03,inactive
93,Mouna,Trabelsi,mouna_trabelsi93@email.tn,9f8b2bdacb68388b,+216 65 907 169,F,staff,2023-11-13,active
94,Habib,Chérif,habib_chérif94@email.tn,d5eb96fb90121fec,+216 62 236 145,M,patient,2023-12-14,active
95,Habib,Zouari,habib_zouari95@email.tn,d6e57ec764d12b2c,+216 79 812 590,M,patient,2022-01-16,active
96,Oussama,Hachani,oussama_hachani96@email.tn,4a0ce8a644fcb589,+216 78 137 400,M,staff,2022-04-05,active
97,Ali,Hamrouni,ali_hamrouni97@email.tn,d27a10734086ea86,+216 59 627 507,M,patient,2026-02-02,active
98,Fethi,Douzi,fethi_douzi98@email.tn,88b4a56cbf3aea80,+216 44 392 465,M,patient,2020-07-14,active
99,Rim,Jebali,rim_jebali99@email.tn,98363c080898f6e8,+216 67 547 509,F,patient,2024-12-06,active
100,Khaoula,Mathlouthi,khaoula_mathlouthi100@email.tn,3994d1c7b5d99a97,+216 83 808 609,F,staff,2024-02-13,inactive
101,Salma,Brik,salma_brik101@email.tn,19c99acb98cebbe8,+216 74 180 540,F,staff,2022-01-09,active
102,Amira,Maaloul,amira_maaloul102@email.tn,1e504f475c53b7b7,+216 61 776 402,F,staff,2023-06-09,active
103,Sana,Hamouda,sana_hamouda103@email.tn,ea57d67c8c48b248,+216 76 459 557,F,nurse,2020-06-22,active
104,Imen,Jelassi,imen_jelassi104@email.tn,781095f0b914e578,+216 55 754 910,F,staff,2020-08-22,active
105,Sara,Saidi,sara_saidi105@email.tn,c0a70a10d5320af7,+216 40 131 246,F,patient,2024-11-29,active
106,Tarek,Hachani,tarek_hachani106@email.tn,75d40e32ba7d6c80,+216 66 470 492,M,patient,2020-05-12,active
107,Sara,Ben Salah,sara_bensalah107@email.tn,b64d7473983d25c2,+216 76 881 178,F,patient,2021-07-17,active
108,Asma,Douzi,asma_douzi108@email.tn,270d24d1d1280855,+216 55 355 216,F,staff,2020-04-16,active
109,Cyrine,Ben Youssef,cyrine_benyoussef109@email.tn,d604423af7dcccd2,+216 91 220 368,F,patient,2022-12-02,active
110,Sofien,Oueslati,sofien_oueslati110@email.tn,1a1f9d73b439a2b1,+216 82 304 225,M,patient,2021-07-09,active
111,Hana,Azaiez,hana_azaiez111@email.tn,4254cccf057156f0,+216 76 189 929,F,admin,2023-08-02,active
112,Makram,Zghal,makram_zghal112@email.tn,e162313f232b8d47,+216 57 407 971,M,patient,2021-10-07,active
113,Hatem,Saidi,hatem_saidi113@email.tn,b3fb87b5a875ded6,+216 48 224 305,M,patient,2021-07-22,active
114,Ines,Ben Salah,ines_bensalah114@email.tn,2b9b88d351f7ee8d,+216 90 686 477,F,patient,2025-03-29,active
115,Sofien,Boughanmi,sofien_boughanmi115@email.tn,f77a4b678f2b08af,+216 31 167 416,M,intern,2024-06-18,inactive
116,Cyrine,Turki,cyrine_turki116@email.tn,e34dca7c0efdf985,+216 72 943 688,F,patient,2020-10-29,active
117,Radhia,Bouazizi,radhia_bouazizi117@email.tn,34cc0800183ae8d5,+216 77 577 796,F,patient,2025-10-20,active
118,Habib,Ghannouchi,habib_ghannouchi118@email.tn,9dc8198c085d06c0,+216 75 614 989,M,staff,2020-08-14,active
119,Maher,Khelifi,maher_khelifi119@email.tn,ae5592b2ff1fdc55,+216 40 430 826,M,patient,2022-07-12,active
120,Salma,Nasri,salma_nasri120@email.tn,805c208c71be228c,+216 45 750 664,F,patient,2023-01-29,active
121,Imen,Zghal,imen_zghal121@email.tn,7870681a8777aebb,+216 31 614 756,F,patient,2021-11-21,active
122,Anis,Fakhfakh,anis_fakhfakh122@email.tn,22ce2953ca6edbbd,+216 99 837 719,M,patient,2023-10-14,active
123,Ahmed,Maaloul,ahmed_maaloul123@email.tn,ed36c2b690f236a4,+216 25 756 889,M,staff,2022-12-20,active
124,Imen,Rezgui,imen_rezgui124@email.tn,ab4f0958ef6b2679,+216 23 609 742,F,patient,2026-02-12,active
125,Samia,Bouzid,samia_bouzid125@email.tn,f4948a23b4b146a0,+216 71 404 564,F,patient,2020-10-25,active
126,Ridha,Turki,ridha_turki126@email.tn,56c31265df8d7ca4,+216 81 575 308,M,staff,2023-10-25,active
127,Intissar,Hamrouni,intissar_hamrouni127@email.tn,3795817cbd03a828,+216 64 508 233,F,patient,2024-02-26,active
128,Hedi,Bouzid,hedi_bouzid128@email.tn,c3f10994291723f3,+216 79 225 373,M,staff,2025-01-15,active
129,Omar,Oueslati,omar_oueslati129@email.tn,043a10fb43ca9951,+216 69 984 730,M,staff,2024-09-08,active
130,Hedi,Missaoui,hedi_missaoui130@email.tn,8269a63ba4836ef9,+216 60 294 881,M,patient,2021-10-14,active
131,Faten,Boughanmi,faten_boughanmi131@email.tn,4d3a5f19990deaab,+216 59 609 123,F,staff,2021-01-03,inactive
132,Nesrine,Souissi,nesrine_souissi132@email.tn,6a5817f98cdb9fcf,+216 94 461 149,F,intern,2020-07-26,active
133,Amel,Zghal,amel_zghal133@email.tn,aab9de070a2ec38c,+216 21 967 210,F,patient,2024-10-31,active
134,Baya,Ben Salah,baya_bensalah134@email.tn,2011cfd18d8660ed,+216 71 474 146,F,patient,2024-06-28,active
135,Hatem,Bahri,hatem_bahri135@email.tn,53fc5d7cd193fa39,+216 56 175 495,M,nurse,2025-08-27,active
136,Imen,Zouari,imen_zouari136@email.tn,347f74ab1f363503,+216 98 221 231,F,nurse,2021-01-31,active
137,Nadia,Ben Salah,nadia_bensalah137@email.tn,dcfb40129755227c,+216 38 303 716,F,staff,2025-09-16,active
138,Ali,Hammami,ali_hammami138@email.tn,8b0bb887a40b8b09,+216 37 830 441,M,patient,2025-04-24,active
139,Mourad,Azaiez,mourad_azaiez139@email.tn,15d75a770148e5c1,+216 85 243 435,M,staff,2023-07-28,active
140,Ibtissem,Ferchichi,ibtissem_ferchichi140@email.tn,fd6a51d394e5f249,+216 84 948 621,F,patient,2025-12-20,active
141,Samia,Meddeb,samia_meddeb141@email.tn,f81713434645c0fb,+216 22 477 439,F,patient,2021-03-24,inactive
142,Baya,Sellami,baya_sellami142@email.tn,be876ed58215d198,+216 23 711 585,F,patient,2022-12-23,inactive
143,Aziz,Chaabane,aziz_chaabane143@email.tn,5c89f459a9a1657f,+216 94 591 274,M,patient,2025-11-17,active
144,Maryem,Meddeb,maryem_meddeb144@email.tn,b80b8e339f861b59,+216 51 132 686,F,staff,2021-03-26,active
145,Asma,Turki,asma_turki145@email.tn,0427b089ad420c9e,+216 39 522 807,F,patient,2022-04-15,active
146,Mouna,Brik,mouna_brik146@email.tn,2f2d745b61032824,+216 27 822 241,F,intern,2025-10-25,active
147,Sawsen,Lassoued,sawsen_lassoued147@email.tn,cfd1646d94e1e02a,+216 87 485 421,F,staff,2021-12-10,active
148,Meriam,Mbarki,meriam_mbarki148@email.tn,b33d3cea47b68024,+216 53 724 595,F,staff,2022-02-26,inactive
149,Nadia,Tlili,nadia_tlili149@email.tn,73a6ce074cbf6016,+216 48 404 889,F,nurse,2023-03-29,active
150,Asma,Lassoued,asma_lassoued150@email.tn,ef31fff13206c9ad,+216 64 673 914,F,staff,2023-01-25,active
151,Zohra,Meddeb,zohra_meddeb151@email.tn,d7da463190139699,+216 64 891 923,F,patient,2021-08-22,active
152,Intissar,Maaloul,intissar_maaloul152@email.tn,343b2e5383e86418,+216 64 552 771,F,patient,2022-11-16,active
153,Walid,Meddeb,walid_meddeb153@email.tn,11df8483aa3ff53c,+216 88 377 675,M,staff,2023-01-17,active
154,Tarek,Chaabane,tarek_chaabane154@email.tn,63d16dbf68807c63,+216 87 331 753,M,patient,2022-08-11,active
155,Khaoula,Mansouri,khaoula_mansouri155@email.tn,b588d51043272029,+216 80 202 797,F,staff,2021-07-17,active
156,Chokri,Douzi,chokri_douzi156@email.tn,5cd5c55d935ec47e,+216 80 588 766,M,patient,2022-03-27,active
157,Asma,Oueslati,asma_oueslati157@email.tn,d397ddb1762b56cf,+216 27 887 191,F,patient,2022-08-09,active
158,Nizar,Turki,nizar_turki158@email.tn,cad820baecc30580,+216 42 137 956,M,nurse,2024-06-14,active
159,Bechir,Sellami,bechir_sellami159@email.tn,d9f0d474df0dc01a,+216 57 997 138,M,patient,2020-02-07,active
160,Slim,Oueslati,slim_oueslati160@email.tn,2f44c484b87e7c2f,+216 78 756 656,M,patient,2025-11-17,active
161,Samir,Chebbi,samir_chebbi161@email.tn,2da681901ec92f93,+216 54 297 928,M,patient,2021-04-06,active
162,Radhia,Nasri,radhia_nasri162@email.tn,e298a085f409572b,+216 43 114 854,F,patient,2023-10-12,active
163,Nizar,Labidi,nizar_labidi163@email.tn,2fc41969ac97bafc,+216 71 946 537,M,patient,2025-10-11,active
164,Sawsen,Sfar,sawsen_sfar164@email.tn,c9e0bedcd5f08edc,+216 43 243 588,F,patient,2023-08-18,inactive
165,Mehdi,Ben Youssef,mehdi_benyoussef165@email.tn,474788d8d22e22a6,+216 50 557 871,M,patient,2022-12-29,inactive
166,Ibtissem,Brik,ibtissem_brik166@email.tn,6a380a72d1c732e9,+216 93 111 367,F,patient,2024-01-12,active
167,Elyès,Jebali,elyès_jebali167@email.tn,da61c00113175555,+216 79 414 263,M,patient,2024-07-18,active
168,Khadija,Jebali,khadija_jebali168@email.tn,17e415a6b7950757,+216 57 476 729,F,patient,2022-06-23,active
169,Adel,Mzoughi,adel_mzoughi169@email.tn,9223bf3854f4aaba,+216 78 865 720,M,patient,2024-03-10,active
170,Ferida,Zghal,ferida_zghal170@email.tn,1722ac6e3f10aa48,+216 47 880 353,F,staff,2020-12-01,active
171,Nour,Boughdiri,nour_boughdiri171@email.tn,8540140e3ce863b4,+216 92 214 163,F,patient,2026-02-21,inactive
172,Wissem,Zghal,wissem_zghal172@email.tn,a20a791ef7fbe020,+216 39 268 435,M,patient,2025-11-01,active
173,Oussama,Chérif,oussama_chérif173@email.tn,664466edc1899809,+216 82 193 622,M,patient,2024-12-29,active
174,Yasmine,Saidi,yasmine_saidi174@email.tn,07242d600a43701f,+216 73 567 677,F,patient,2020-08-24,active
175,Baya,Trabelsi,baya_trabelsi175@email.tn,92d5b00c87e5db4b,+216 70 360 936,F,nurse,2020-01-13,active
176,Ali,Jelassi,ali_jelassi176@email.tn,0e58c4369a5df76f,+216 64 817 165,M,staff,2026-01-25,inactive
177,Adel,Hammami,adel_hammami177@email.tn,b87ca77dc61d0649,+216 56 518 284,M,staff,2021-07-08,active
178,Sara,Azaiez,sara_azaiez178@email.tn,eaff6047859a765c,+216 68 559 990,F,admin,2024-03-26,active
179,Rayen,Sellami,rayen_sellami179@email.tn,3faf17531079bb3a,+216 64 221 282,M,patient,2026-01-09,active
180,Aziz,Dridi,aziz_dridi180@email.tn,5c6cdb6027e2d054,+216 20 874 123,M,patient,2023-05-07,active
181,Meriam,Ben Youssef,meriam_benyoussef181@email.tn,2aac2e1c67283dcc,+216 49 353 571,F,staff,2023-11-18,active
182,Aziz,Rhouma,aziz_rhouma182@email.tn,7ed59f0f6d8578d9,+216 34 132 928,M,patient,2024-09-13,active
183,Tarek,Souissi,tarek_souissi183@email.tn,a814c412cb4b830f,+216 28 203 708,M,intern,2020-05-17,active
184,Tarek,Kraiem,tarek_kraiem184@email.tn,63b9fbf329bd11bc,+216 25 511 549,M,patient,2022-08-17,active
185,Karim,Saidi,karim_saidi185@email.tn,f57703e30dcd97c2,+216 57 339 935,M,staff,2023-07-30,active
186,Nesrine,Tlili,nesrine_tlili186@email.tn,9685cbca6d61d481,+216 38 776 633,F,patient,2022-06-24,active
187,Rania,Bahri,rania_bahri187@email.tn,6bc9720230189f65,+216 95 852 279,F,intern,2024-10-15,active
188,Lotfi,Douzi,lotfi_douzi188@email.tn,0b9fed19bced456a,+216 68 904 637,M,staff,2023-07-29,active
189,Maryem,Tlili,maryem_tlili189@email.tn,52e5cef14183449d,+216 68 288 872,F,patient,2026-01-12,active
190,Maher,Karray,maher_karray190@email.tn,9e62dae4ee05a671,+216 38 925 574,M,staff,2020-08-24,active
191,Nadia,Nefzi,nadia_nefzi191@email.tn,9c5d1e3a4e119f21,+216 37 497 348,F,admin,2022-11-10,active
192,Ridha,Karray,ridha_karray192@email.tn,a97354ddbf01c6c9,+216 67 194 648,M,patient,2022-02-19,active
193,Thouraya,Belhaj,thouraya_belhaj193@email.tn,9036463a8185b620,+216 97 140 994,F,staff,2020-10-25,active
194,Adel,Souissi,adel_souissi194@email.tn,5155981b9a05c2e2,+216 62 410 115,M,patient,2022-05-17,inactive
195,Bechir,Rhouma,bechir_rhouma195@email.tn,87c9d2561ae9267c,+216 81 348 812,M,patient,2022-04-17,active
196,Makram,Hamrouni,makram_hamrouni196@email.tn,d2ce0f7f9fa976e3,+216 56 489 577,M,patient,2025-12-25,active
197,Dorra,Ben Salah,dorra_bensalah197@email.tn,933c1a907a088d04,+216 85 609 577,F,patient,2021-02-07,active
198,Ferida,Sassi,ferida_sassi198@email.tn,c9ea6dae55b98df8,+216 60 308 479,F,patient,2023-07-05,active
199,Bechir,Mzoughi,bechir_mzoughi199@email.tn,7df50bd91ce1d250,+216 22 367 666,M,staff,2024-09-06,active
200,Slim,Dridi,slim_dridi200@email.tn,84a40c862ed45316,+216 68 683 953,M,patient,2022-10-03,active
201,Dorra,Rhouma,dorra_rhouma201@email.tn,c33cc3f1cffc63e4,+216 82 840 757,F,intern,2025-07-02,active
202,Sana,Ghannouchi,sana_ghannouchi202@email.tn,c0686121aa17d593,+216 89 600 288,F,patient,2026-01-29,inactive
203,Khaled,Hammami,khaled_hammami203@email.tn,743753ed69d97edf,+216 29 937 784,M,patient,2020-07-17,active
204,Yasmine,Sassi,yasmine_sassi204@email.tn,21f4f4a58b843074,+216 49 169 824,F,patient,2021-09-10,active
205,Sara,Chaabane,sara_chaabane205@email.tn,6f157b6926def96a,+216 99 753 782,F,nurse,2025-06-02,active
206,Mohamed,Zghal,mohamed_zghal206@email.tn,a8dd017c3cc65981,+216 90 521 112,M,patient,2020-03-09,active
207,Meriam,Oueslati,meriam_oueslati207@email.tn,a2db05f91e3a2b27,+216 22 614 932,F,staff,2024-10-29,active
208,Amine,Boughdiri,amine_boughdiri208@email.tn,4c9fa46467ad193f,+216 32 636 252,M,nurse,2022-09-14,active
209,Mariem,Rahali,mariem_rahali209@email.tn,60c49f6bbd6c43c1,+216 70 180 482,F,staff,2024-07-21,active
210,Houssem,Dridi,houssem_dridi210@email.tn,8a27ca381b996318,+216 58 800 947,M,patient,2020-11-26,active
211,Hamza,Haddad,hamza_haddad211@email.tn,590219b4ec376dfb,+216 68 486 665,M,intern,2025-05-03,active
212,Houssem,Khelifi,houssem_khelifi212@email.tn,1ad06861a4193f43,+216 30 611 965,M,admin,2024-11-12,active
213,Hela,Karray,hela_karray213@email.tn,a1c63d7515425e92,+216 32 640 143,F,staff,2022-07-30,active
214,Rim,Hammami,rim_hammami214@email.tn,bfaa79479c9dcc35,+216 29 800 387,F,patient,2026-02-02,active
215,Nizar,Karray,nizar_karray215@email.tn,e6c69ebe74f8cfd2,+216 60 116 312,M,patient,2021-08-13,active
216,Nour,Tlili,nour_tlili216@email.tn,6b57851ad4705e49,+216 40 677 346,F,patient,2026-05-10,active
217,Thouraya,Azaiez,thouraya_azaiez217@email.tn,1c399cf927201fe6,+216 89 439 493,F,patient,2021-07-27,active
218,Samir,Kraiem,samir_kraiem218@email.tn,0cbada48c515f6ce,+216 64 154 200,M,staff,2024-11-25,active
219,Slim,Belhaj,slim_belhaj219@email.tn,6d30e75f94b9c853,+216 98 709 506,M,intern,2023-08-29,active
220,Latifa,Boukadida,latifa_boukadida220@email.tn,62bde2e97a6d5410,+216 49 464 666,F,patient,2024-03-17,active
221,Salma,Hachani,salma_hachani221@email.tn,1103f888db49d701,+216 99 402 917,F,patient,2022-10-06,active
222,Skander,Mzoughi,skander_mzoughi222@email.tn,a60e24955d15bb10,+216 68 828 902,M,patient,2021-09-23,active
223,Sara,Sfar,sara_sfar223@email.tn,67059b3f9d866788,+216 31 105 415,F,intern,2024-12-26,active
224,Amira,Ghannouchi,amira_ghannouchi224@email.tn,19cc242317b2ea70,+216 31 291 541,F,intern,2025-01-12,active
225,Amira,Trabelsi,amira_trabelsi225@email.tn,db8ddd7b8424d3e5,+216 31 462 667,F,patient,2021-01-16,active
226,Naima,Ben Ali,naima_benali226@email.tn,7e4846af846ed503,+216 57 523 497,F,patient,2020-12-12,active
227,Wissem,Nefzi,wissem_nefzi227@email.tn,788dfba8865d7c14,+216 41 801 489,M,nurse,2021-11-25,active
228,Rim,Boukadida,rim_boukadida228@email.tn,51e0bd60f0ddc05e,+216 38 164 271,F,patient,2024-11-15,active
229,Samia,Ben Mansour,samia_benmansour229@email.tn,fe2d80638ebe8ce1,+216 29 469 357,F,nurse,2022-10-07,active
230,Zaineb,Labidi,zaineb_labidi230@email.tn,4c3fdd4edef7f0f4,+216 45 568 209,F,staff,2021-07-08,active
231,Khaoula,Sassi,khaoula_sassi231@email.tn,bb8e777b2fc55bb7,+216 99 489 923,F,patient,2023-09-11,active
232,Radhia,Belhaj,radhia_belhaj232@email.tn,dce84bdf90149a24,+216 37 407 428,F,patient,2022-04-02,active
233,Nabil,Hamrouni,nabil_hamrouni233@email.tn,111640306428f3a6,+216 57 852 811,M,staff,2025-07-04,inactive
234,Hedi,Ben Youssef,hedi_benyoussef234@email.tn,191fe50ef6518627,+216 55 936 904,M,patient,2024-05-28,active
235,Aymen,Zghal,aymen_zghal235@email.tn,e2bca912eea68d1c,+216 43 798 886,M,patient,2026-03-03,active
236,Intissar,Souissi,intissar_souissi236@email.tn,c6a0892ec5b3513d,+216 76 916 398,F,patient,2020-10-10,active
237,Thouraya,Boukadida,thouraya_boukadida237@email.tn,04c483384bee11c8,+216 37 748 410,F,patient,2022-09-18,active
238,Oussama,Jelassi,oussama_jelassi238@email.tn,8647f24aa519ebbb,+216 68 175 559,M,staff,2025-05-16,active
239,Meriam,Hammami,meriam_hammami239@email.tn,b50015572a8c97c8,+216 66 818 931,F,patient,2026-01-08,active
240,Amine,Hachani,amine_hachani240@email.tn,a024533de0d88de4,+216 51 773 780,M,patient,2023-12-25,active
241,Wissem,Douzi,wissem_douzi241@email.tn,1d96fac466722113,+216 71 870 439,M,staff,2024-10-29,active
242,Mehdi,Dridi,mehdi_dridi242@email.tn,39d8c358417e582d,+216 85 864 631,M,patient,2026-04-04,active
243,Ridha,Ben Salah,ridha_bensalah243@email.tn,ccffe848c387b820,+216 70 574 890,M,nurse,2025-08-11,active
244,Adel,Sfar,adel_sfar244@email.tn,f5ec4528b7267800,+216 57 525 187,M,staff,2021-04-20,active
245,Lotfi,Tlili,lotfi_tlili245@email.tn,d217f09a5e611fc6,+216 63 566 903,M,patient,2022-04-27,active
246,Samia,Sfar,samia_sfar246@email.tn,fe1adeed7ebf01c1,+216 76 839 813,F,patient,2025-01-27,active
247,Leila,Ghribi,leila_ghribi247@email.tn,0bf84b17db837bdf,+216 34 123 969,F,staff,2023-11-06,active
248,Bechir,Bouzid,bechir_bouzid248@email.tn,c732af3e62415a3b,+216 86 278 665,M,patient,2021-10-17,active
249,Raja,Dridi,raja_dridi249@email.tn,df64de05f98ce6f2,+216 71 744 288,F,staff,2022-02-02,active
250,Zohra,Trabelsi,zohra_trabelsi250@email.tn,32a9ccb0877e068c,+216 98 302 560,F,intern,2024-10-25,active
251,Rami,Rahali,rami_rahali251@email.tn,6e802d75847e7262,+216 28 691 204,M,patient,2026-01-08,active
252,Wafa,Chebbi,wafa_chebbi252@email.tn,34f0bee6e6201e08,+216 34 368 786,F,patient,2025-06-27,active
253,Zaineb,Ben Youssef,zaineb_benyoussef253@email.tn,119681775d3f42a5,+216 98 501 701,F,patient,2021-04-12,active
254,Imen,Mathlouthi,imen_mathlouthi254@email.tn,05d06366d529691d,+216 58 729 704,F,staff,2020-12-13,active
255,Sirine,Bouzid,sirine_bouzid255@email.tn,e193b9f7c3a4da2d,+216 59 219 287,F,admin,2024-03-09,active
256,Soumaya,Belhaj,soumaya_belhaj256@email.tn,0b9d7367aa0c537f,+216 37 688 492,F,patient,2024-09-28,active
257,Makram,Khelifi,makram_khelifi257@email.tn,a20ad62f8331b20a,+216 82 395 243,M,patient,2022-02-05,active
258,Imen,Chaabane,imen_chaabane258@email.tn,6387984158acc666,+216 65 109 596,F,patient,2021-07-13,active
259,Nadia,Saidi,nadia_saidi259@email.tn,36df7bc17f8efabf,+216 83 518 801,F,patient,2025-07-07,active
260,Faten,Khelifi,faten_khelifi260@email.tn,65adf4dbe5554cf0,+216 30 678 131,F,patient,2022-06-22,active
261,Olfa,Zghal,olfa_zghal261@email.tn,33d3d97551105cff,+216 56 272 899,F,patient,2025-02-16,active
262,Nadia,Saidi,nadia_saidi262@email.tn,4727b5a3c1239b2a,+216 34 686 216,F,patient,2023-01-02,active
263,Meriam,Meddeb,meriam_meddeb263@email.tn,6e3fd45101f3ea36,+216 25 878 836,F,admin,2024-12-12,active
264,Amira,Kraiem,amira_kraiem264@email.tn,12fc7e51c42e1ac8,+216 51 404 995,F,staff,2020-05-12,active
265,Salma,Ayari,salma_ayari265@email.tn,e042d583a19c8ae7,+216 35 894 931,F,patient,2022-08-28,active
266,Intissar,Labidi,intissar_labidi266@email.tn,9ee4e57bf7d61241,+216 74 269 730,F,patient,2021-07-24,active
267,Omar,Missaoui,omar_missaoui267@email.tn,f795e9d42129b18e,+216 64 645 387,M,staff,2026-01-15,active
268,Amel,Missaoui,amel_missaoui268@email.tn,147b6fc25b33c21c,+216 54 978 626,F,staff,2021-01-25,active
269,Rania,Rahali,rania_rahali269@email.tn,7995548b18375519,+216 36 818 986,F,patient,2021-06-27,active
270,Nesrine,Rhouma,nesrine_rhouma270@email.tn,7366fa4e32fb9a11,+216 70 601 245,F,patient,2023-01-05,active
271,Latifa,Bouazizi,latifa_bouazizi271@email.tn,6bfb604dbd3a4b2d,+216 31 512 627,F,patient,2023-02-13,active
272,Raja,Boukadida,raja_boukadida272@email.tn,29de5b5aa9ac3fff,+216 61 695 102,F,patient,2021-01-16,active
273,Ghofrane,Fakhfakh,ghofrane_fakhfakh273@email.tn,54df3cea67006ffc,+216 65 970 164,F,nurse,2025-12-29,active
274,Hajer,Boukadida,hajer_boukadida274@email.tn,799240d2052fa173,+216 54 430 948,F,staff,2023-03-07,active
275,Wissem,Karray,wissem_karray275@email.tn,58f5ca77f5634fe6,+216 82 907 451,M,nurse,2020-07-17,active
276,Ines,Jebali,ines_jebali276@email.tn,afa991939bd30cf8,+216 40 551 567,F,staff,2020-01-03,inactive
277,Wafa,Hamouda,wafa_hamouda277@email.tn,46b56f27a6525382,+216 36 765 409,F,staff,2021-10-13,active
278,Salma,Douzi,salma_douzi278@email.tn,c17d3329b615b243,+216 66 356 184,F,patient,2024-03-03,active
279,Omar,Haddad,omar_haddad279@email.tn,c1fadad1e6d51faa,+216 59 843 816,M,admin,2022-08-17,active
280,Oussama,Sfar,oussama_sfar280@email.tn,c03fd598470ce70b,+216 20 318 588,M,intern,2020-11-15,active
281,Khaled,Zouari,khaled_zouari281@email.tn,82bd66d991790528,+216 76 109 108,M,staff,2023-11-08,active
282,Khadija,Ghannouchi,khadija_ghannouchi282@email.tn,50ea593a179cd14e,+216 81 172 334,F,patient,2024-04-18,active
283,Amine,Hamrouni,amine_hamrouni283@email.tn,96166a10ff7c6899,+216 67 406 240,M,staff,2024-04-16,active
284,Rayen,Zouari,rayen_zouari284@email.tn,70c441d80b63538c,+216 38 170 643,M,staff,2026-04-26,active
285,Ridha,Mbarki,ridha_mbarki285@email.tn,8fd8e4e131527715,+216 47 743 866,M,admin,2021-09-12,inactive
286,Hajer,Maaloul,hajer_maaloul286@email.tn,fcd0904347e7cd62,+216 32 243 870,F,staff,2021-05-19,active
287,Mariem,Jelassi,mariem_jelassi287@email.tn,5f2379981749d2aa,+216 60 910 243,F,patient,2022-10-11,active
288,Tarek,Bahri,tarek_bahri288@email.tn,d5ac07d6caea567d,+216 96 714 838,M,patient,2023-03-13,active
289,Elyès,Boughanmi,elyès_boughanmi289@email.tn,4b2c886d7c02fd09,+216 58 310 630,M,patient,2025-09-18,active
290,Amel,Douzi,amel_douzi290@email.tn,abdf72b81e4f3898,+216 26 902 912,F,patient,2022-09-07,active
291,Tarek,Boukadida,tarek_boukadida291@email.tn,a52d6afed2763bb1,+216 96 172 640,M,nurse,2020-02-19,inactive
292,Yasmine,Ben Youssef,yasmine_benyoussef292@email.tn,2a72537bbdc8506d,+216 92 530 474,F,patient,2026-02-15,active
293,Sabah,Bouazizi,sabah_bouazizi293@email.tn,a7298029419f0cd4,+216 22 701 169,F,staff,2020-02-26,active
294,Omar,Ben Mansour,omar_benmansour294@email.tn,275ea6ad5865dcd9,+216 70 618 393,M,patient,2025-08-14,active
295,Khadija,Haddad,khadija_haddad295@email.tn,a020d78809a11dc1,+216 30 755 649,F,admin,2026-01-11,active
296,Salma,Tlili,salma_tlili296@email.tn,92fa78831100c3ab,+216 30 623 308,F,patient,2021-09-28,active
297,Ibtissem,Rezgui,ibtissem_rezgui297@email.tn,fc657f4429f93e5d,+216 28 417 815,F,patient,2024-11-26,active
298,Omar,Bouzid,omar_bouzid298@email.tn,db09c85ece25836c,+216 31 544 218,M,staff,2025-01-31,active
299,Maher,Fakhfakh,maher_fakhfakh299@email.tn,84b81bdcbaf40c1a,+216 42 222 112,M,staff,2021-07-16,active
300,Mounir,Mbarki,mounir_mbarki300@email.tn,4a0044cc786bfbc6,+216 86 629 901,M,patient,2022-11-27,active
301,Bechir,Hachani,bechir_hachani301@email.tn,236de5e21e95610c,+216 54 850 220,M,patient,2020-04-30,active
302,Rim,Nefzi,rim_nefzi302@email.tn,0a56cd8ebbd5f34f,+216 28 369 829,F,patient,2020-11-11,active
303,Rania,Boukadida,rania_boukadida303@email.tn,6b7dffb6891dc312,+216 92 270 476,F,nurse,2021-10-06,active
304,Wissem,Zouari,wissem_zouari304@email.tn,e16b3337929192df,+216 34 333 858,M,patient,2025-09-15,active
305,Tarek,Hammami,tarek_hammami305@email.tn,8a564037c14cb9d4,+216 80 472 492,M,staff,2021-09-06,active
306,Makram,Ghribi,makram_ghribi306@email.tn,29f0ced01df2a7b1,+216 73 329 429,M,intern,2022-10-13,active
307,Rim,Meddeb,rim_meddeb307@email.tn,fd6c30e7bb006e09,+216 29 685 481,F,patient,2021-05-04,active
308,Nizar,Dridi,nizar_dridi308@email.tn,84f76f2891d3085c,+216 86 147 510,M,patient,2020-10-09,active
309,Sabah,Karray,sabah_karray309@email.tn,2f4c537965e9974b,+216 59 435 188,F,nurse,2026-03-15,active
310,Wafa,Oueslati,wafa_oueslati310@email.tn,4c4db7de9c4e653c,+216 92 903 411,F,patient,2022-09-20,active
311,Sabah,Hachani,sabah_hachani311@email.tn,4104026102252b41,+216 45 850 659,F,patient,2022-10-01,active
312,Ines,Dridi,ines_dridi312@email.tn,3737b8a4744a81bb,+216 89 454 751,F,staff,2020-02-09,inactive
313,Fethi,Fakhfakh,fethi_fakhfakh313@email.tn,9fa4b5e18ef345c6,+216 68 969 855,M,patient,2023-06-13,active
314,Chokri,Boukadida,chokri_boukadida314@email.tn,3aa67a502be1b908,+216 27 245 828,M,patient,2023-02-20,active
315,Khaled,Turki,khaled_turki315@email.tn,64961ee23ad54a42,+216 67 569 865,M,patient,2020-12-13,active
316,Ghassen,Meddeb,ghassen_meddeb316@email.tn,97a86d9d93db8479,+216 70 176 706,M,patient,2020-09-12,active
317,Tarek,Oueslati,tarek_oueslati317@email.tn,4f1050053d63d6db,+216 53 971 422,M,patient,2024-05-28,active
318,Asma,Ayari,asma_ayari318@email.tn,90194ca8cadb84eb,+216 54 339 176,F,staff,2022-04-10,active
319,Bilel,Sfar,bilel_sfar319@email.tn,dd3ea0a451d231df,+216 41 560 577,M,patient,2023-07-10,active
320,Sabah,Souissi,sabah_souissi320@email.tn,7630a506ea480645,+216 77 415 574,F,staff,2022-12-21,active
321,Anis,Ghribi,anis_ghribi321@email.tn,8283e83944e4404a,+216 58 946 821,M,nurse,2020-06-14,active
322,Maryem,Maaloul,maryem_maaloul322@email.tn,aed9dd8b0f3b7a6e,+216 51 464 505,F,patient,2025-10-04,active
323,Dorra,Meddeb,dorra_meddeb323@email.tn,db6b39782f195a1a,+216 42 131 514,F,staff,2025-01-26,active
324,Amine,Chebbi,amine_chebbi324@email.tn,d0fcc3724dce6353,+216 33 923 912,M,patient,2021-07-26,active
325,Habib,Dridi,habib_dridi325@email.tn,f8a5ef010a0267eb,+216 36 302 943,M,patient,2024-06-28,active
326,Aymen,Chérif,aymen_chérif326@email.tn,3fc90e00bae31e2f,+216 53 932 176,M,patient,2020-03-30,inactive
327,Rayen,Ayari,rayen_ayari327@email.tn,062fed9fce5fd57b,+216 36 194 967,M,patient,2023-09-20,active
328,Rania,Khelifi,rania_khelifi328@email.tn,4b13875c52fb6500,+216 93 543 941,F,patient,2024-06-05,active
329,Thouraya,Jelassi,thouraya_jelassi329@email.tn,3e8cd5b48b18623d,+216 42 462 319,F,patient,2022-02-05,active
330,Maryem,Hammami,maryem_hammami330@email.tn,7f7e3af8bd2a159b,+216 98 734 731,F,nurse,2022-10-03,active
331,Soumaya,Boughanmi,soumaya_boughanmi331@email.tn,f17ae8f1a8aa697d,+216 90 590 162,F,patient,2020-12-25,active
332,Chokri,Mejri,chokri_mejri332@email.tn,5a6325873fc1e0a5,+216 87 355 745,M,nurse,2026-02-04,active
333,Intissar,Mbarki,intissar_mbarki333@email.tn,63a0bd04b054736e,+216 81 657 900,F,intern,2025-06-08,active
334,Naima,Rahali,naima_rahali334@email.tn,6250da6e0a4a8d8f,+216 43 126 426,F,patient,2022-06-16,active
335,Rania,Ghribi,rania_ghribi335@email.tn,b3b46bd2f673da03,+216 80 642 466,F,patient,2022-08-11,inactive
336,Tarek,Fakhfakh,tarek_fakhfakh336@email.tn,cbe75c87b91d19f1,+216 50 372 646,M,patient,2020-08-17,active
337,Wissem,Karray,wissem_karray337@email.tn,e895675258cfccce,+216 69 463 959,M,patient,2021-12-12,active
338,Mouna,Hamouda,mouna_hamouda338@email.tn,51fb26e78477d186,+216 65 705 128,F,patient,2023-12-11,inactive
339,Wissem,Mejri,wissem_mejri339@email.tn,7ce240131516f94e,+216 83 655 416,M,patient,2021-12-20,active
340,Omar,Dridi,omar_dridi340@email.tn,e10871225e35c072,+216 97 324 120,M,nurse,2025-11-26,active
341,Imen,Mejri,imen_mejri341@email.tn,702bdd203ca39f72,+216 36 448 834,F,patient,2021-12-27,inactive
342,Rania,Trabelsi,rania_trabelsi342@email.tn,18d28fbbf25b974e,+216 38 700 821,F,patient,2021-08-03,active
343,Nour,Ben Salah,nour_bensalah343@email.tn,0d39341034f28e47,+216 70 700 203,F,staff,2023-10-10,active
344,Anis,Brik,anis_brik344@email.tn,26af0a05247d79f1,+216 75 910 754,M,staff,2025-06-18,active
345,Oussama,Bahri,oussama_bahri345@email.tn,19fe911481af0532,+216 98 905 465,M,patient,2022-07-03,active
346,Zied,Tlili,zied_tlili346@email.tn,6948ed0f10e389df,+216 57 230 281,M,patient,2020-01-08,inactive
347,Sabah,Missaoui,sabah_missaoui347@email.tn,80fd012fdd57b7b9,+216 24 286 716,F,admin,2023-07-27,inactive
348,Ghassen,Missaoui,ghassen_missaoui348@email.tn,b085253ba5a23d1b,+216 33 608 244,M,staff,2023-09-18,active
349,Lotfi,Hamrouni,lotfi_hamrouni349@email.tn,b06a92052eeaf466,+216 41 751 190,M,staff,2023-10-07,active
350,Hajer,Bouzid,hajer_bouzid350@email.tn,086e44f9d09791d7,+216 28 458 362,F,intern,2021-03-18,active
351,Zied,Ayari,zied_ayari351@email.tn,f7eefdefadb980f4,+216 73 270 523,M,patient,2025-07-12,active
352,Meriam,Ben Youssef,meriam_benyoussef352@email.tn,acbf9554203bddb0,+216 32 948 590,F,admin,2022-07-12,active
353,Ali,Oueslati,ali_oueslati353@email.tn,60e614bb78713b4c,+216 22 426 367,M,staff,2021-03-04,active
354,Zied,Khelifi,zied_khelifi354@email.tn,872b36fe0ce0c20b,+216 29 660 195,M,patient,2023-10-16,active
355,Intissar,Trabelsi,intissar_trabelsi355@email.tn,0ea15056cad518a0,+216 75 769 268,F,patient,2024-11-13,active
356,Slim,Souissi,slim_souissi356@email.tn,da27afb0abc66c32,+216 44 519 813,M,staff,2026-03-19,active
357,Sawsen,Oueslati,sawsen_oueslati357@email.tn,9876671579a76435,+216 58 343 198,F,patient,2020-07-22,active
358,Maryem,Chaabane,maryem_chaabane358@email.tn,bb4314590ebea4c6,+216 66 103 537,F,patient,2020-12-24,active
359,Wafa,Sfar,wafa_sfar359@email.tn,33bff1707da2cfd5,+216 23 311 274,F,intern,2023-04-10,inactive
360,Sirine,Tlili,sirine_tlili360@email.tn,541c8e0523413fc6,+216 70 582 600,F,patient,2022-12-21,active
361,Hana,Ben Salah,hana_bensalah361@email.tn,38c8c98d3a17fabb,+216 68 478 291,F,patient,2024-12-30,active
362,Raja,Nasri,raja_nasri362@email.tn,c4fedb206c04024b,+216 48 957 375,F,intern,2026-04-30,active
363,Hamza,Fakhfakh,hamza_fakhfakh363@email.tn,113608c534b304a2,+216 64 927 654,M,staff,2024-08-22,inactive
364,Makram,Chaabane,makram_chaabane364@email.tn,acc4b555618f0cd5,+216 69 938 635,M,nurse,2024-09-10,inactive
365,Hela,Boughanmi,hela_boughanmi365@email.tn,56980c616300f2a6,+216 50 587 406,F,patient,2020-11-19,active
366,Samir,Missaoui,samir_missaoui366@email.tn,f0a57a9b3372cd9b,+216 86 919 685,M,staff,2021-08-26,active
367,Hana,Khelifi,hana_khelifi367@email.tn,d0c591d6856a93b7,+216 47 927 297,F,staff,2021-05-31,active
368,Wassim,Jelassi,wassim_jelassi368@email.tn,28e5380b235c62bd,+216 45 942 742,M,patient,2021-08-28,active
369,Asma,Boughdiri,asma_boughdiri369@email.tn,bad0afd63d288a0d,+216 28 189 497,F,staff,2026-03-28,active
370,Rim,Nefzi,rim_nefzi370@email.tn,983ef1427b1d4e6e,+216 78 994 112,F,patient,2025-11-10,active
371,Chokri,Mzoughi,chokri_mzoughi371@email.tn,27c555159096f756,+216 38 680 702,M,staff,2021-02-14,inactive
372,Bassem,Sellami,bassem_sellami372@email.tn,6db14e922d4d728d,+216 88 452 998,M,patient,2024-08-10,active
373,Hela,Belhaj,hela_belhaj373@email.tn,994071d53447810c,+216 80 138 276,F,patient,2023-02-02,active
374,Leila,Haddad,leila_haddad374@email.tn,f831fa31f83cc096,+216 62 807 343,F,patient,2020-07-20,active
375,Sara,Trabelsi,sara_trabelsi375@email.tn,3eb2dd2d4ec064e7,+216 63 937 912,F,patient,2023-05-26,active
376,Khadija,Zouari,khadija_zouari376@email.tn,5e9fb1fb2c6daa83,+216 32 989 333,F,patient,2021-07-04,active
377,Sabah,Meddeb,sabah_meddeb377@email.tn,3f1761f23a832fed,+216 61 375 846,F,patient,2024-09-03,active
378,Walid,Ayari,walid_ayari378@email.tn,5189e06614876c9c,+216 47 943 516,M,patient,2025-06-07,active
379,Rania,Saidi,rania_saidi379@email.tn,4e57f15e93e53d05,+216 40 167 418,F,staff,2025-09-06,active
380,Nizar,Mejri,nizar_mejri380@email.tn,3c84d05aa8e03c84,+216 45 957 159,M,staff,2022-10-18,active
381,Hatem,Mansouri,hatem_mansouri381@email.tn,17e72c02f3127654,+216 45 380 477,M,patient,2025-03-16,active
382,Wassim,Trabelsi,wassim_trabelsi382@email.tn,96a4d6866b74a1ec,+216 50 481 600,M,patient,2025-01-01,active
383,Ibtissem,Bahri,ibtissem_bahri383@email.tn,b0a74ff86790177e,+216 64 452 267,F,nurse,2022-11-25,active
384,Bassem,Trabelsi,bassem_trabelsi384@email.tn,2659f815290e7507,+216 69 150 266,M,nurse,2022-05-27,active
385,Wassim,Souissi,wassim_souissi385@email.tn,868d06dec33f1c8e,+216 54 767 519,M,patient,2025-10-03,active
386,Adel,Boughdiri,adel_boughdiri386@email.tn,349b211fd5faf56d,+216 36 762 277,M,patient,2020-02-04,active
387,Intissar,Mansouri,intissar_mansouri387@email.tn,80dcc243bf7bc815,+216 55 533 485,F,intern,2023-11-29,active
388,Taoufik,Tlili,taoufik_tlili388@email.tn,abb8493b074a7454,+216 86 944 738,M,staff,2024-06-14,active
389,Samir,Fakhfakh,samir_fakhfakh389@email.tn,11fd42c3f5a794dd,+216 67 674 762,M,staff,2023-03-03,active
390,Adel,Bouazizi,adel_bouazizi390@email.tn,33f3847e1cd8cdea,+216 63 383 755,M,patient,2023-08-24,active
391,Radhia,Mansouri,radhia_mansouri391@email.tn,813efe9e784b551f,+216 58 292 253,F,patient,2025-10-19,active
392,Mourad,Haddad,mourad_haddad392@email.tn,cd7999142d5cd1e8,+216 60 797 243,M,nurse,2020-04-14,active
393,Dorra,Boughdiri,dorra_boughdiri393@email.tn,5661b9f39f9ced33,+216 73 514 497,F,patient,2020-05-24,active
394,Slim,Brik,slim_brik394@email.tn,3f17876e53e51d96,+216 48 802 647,M,patient,2025-05-02,inactive
395,Emna,Tlili,emna_tlili395@email.tn,e0cd6c87605e7af0,+216 41 960 773,F,staff,2026-04-05,active
396,Adel,Ghannouchi,adel_ghannouchi396@email.tn,cfdcbeb4ef5f36cf,+216 53 842 927,M,patient,2026-04-08,active
397,Wassim,Azaiez,wassim_azaiez397@email.tn,70c39091072c0c27,+216 62 770 191,M,nurse,2022-06-29,active
398,Soumaya,Ben Mansour,soumaya_benmansour398@email.tn,924d20ff73bdacf5,+216 62 480 366,F,staff,2023-04-19,active
399,Adel,Chaabane,adel_chaabane399@email.tn,b783482708a3d3e4,+216 94 694 735,M,patient,2020-10-18,active
400,Samir,Jebali,samir_jebali400@email.tn,354c9479fed4c2ec,+216 68 642 405,M,admin,2024-08-19,active
401,Karim,Mejri,karim_mejri401@email.tn,d9b5d3e1bb19857a,+216 63 519 683,M,intern,2025-02-17,active
402,Habib,Maaloul,habib_maaloul402@email.tn,6748b551bb083638,+216 82 440 746,M,patient,2021-12-25,active
403,Mohamed,Ayari,mohamed_ayari403@email.tn,ff317539954ff5e8,+216 55 314 879,M,staff,2021-11-21,active
404,Mounir,Ben Mansour,mounir_benmansour404@email.tn,4e4ede0807e7aa5b,+216 31 232 729,M,patient,2024-11-11,active
405,Houda,Lassoued,houda_lassoued405@email.tn,a85031c35f74b9e4,+216 69 104 138,F,patient,2025-12-26,active
406,Fatma,Azaiez,fatma_azaiez406@email.tn,ee3b65f708e0f9c9,+216 61 875 953,F,intern,2025-12-15,active
407,Ghassen,Brik,ghassen_brik407@email.tn,cbd5860ec479f9ec,+216 51 331 810,M,staff,2023-11-11,active
408,Zied,Saidi,zied_saidi408@email.tn,4d10edc7b66fd05a,+216 95 413 271,M,patient,2020-09-24,active
409,Amel,Chebbi,amel_chebbi409@email.tn,1c0df75c44cf94d1,+216 86 710 636,F,nurse,2023-10-15,active
410,Slim,Azaiez,slim_azaiez410@email.tn,1cfb691cb87c5997,+216 82 467 868,M,patient,2022-02-10,active
411,Ines,Dridi,ines_dridi411@email.tn,2be6be17e8f28be6,+216 48 844 234,F,staff,2022-05-15,active
412,Sami,Ben Salah,sami_bensalah412@email.tn,003b0604f9187677,+216 24 484 997,M,patient,2022-11-13,active
413,Mourad,Chaabane,mourad_chaabane413@email.tn,eaa7229375011e64,+216 33 769 956,M,intern,2020-03-21,active
414,Chokri,Ayari,chokri_ayari414@email.tn,cca25f1ba3b51336,+216 68 226 660,M,staff,2022-11-01,active
415,Rami,Hamouda,rami_hamouda415@email.tn,6342e4d77aaaeecd,+216 21 408 530,M,patient,2021-02-17,active
416,Imen,Belhaj,imen_belhaj416@email.tn,3cf906a40174e156,+216 37 528 950,F,patient,2021-03-05,active
417,Bassem,Jebali,bassem_jebali417@email.tn,e99578077b2199fe,+216 33 609 303,M,nurse,2022-03-29,active
418,Lotfi,Mansouri,lotfi_mansouri418@email.tn,73fbc44f4b52c196,+216 72 402 264,M,intern,2020-06-10,active
419,Houssem,Lassoued,houssem_lassoued419@email.tn,24c2c7beffa7d0f1,+216 62 340 102,M,intern,2020-02-22,active
420,Wissem,Fakhfakh,wissem_fakhfakh420@email.tn,509db0b8b10440d3,+216 83 252 192,M,patient,2025-09-26,active
421,Mehdi,Douzi,mehdi_douzi421@email.tn,b793ba426af9f9ca,+216 49 567 403,M,patient,2022-12-17,active
422,Nizar,Sellami,nizar_sellami422@email.tn,52221004f91d947a,+216 25 972 397,M,staff,2024-01-15,active
423,Houda,Kraiem,houda_kraiem423@email.tn,9fe2d54e08abc400,+216 34 197 971,F,staff,2020-07-06,active
424,Elyès,Douzi,elyès_douzi424@email.tn,51c343b31d1545f1,+216 41 436 466,M,admin,2024-11-27,inactive
425,Baya,Maaloul,baya_maaloul425@email.tn,9dc58566236c9363,+216 67 934 450,F,patient,2022-01-19,active
426,Raja,Rahali,raja_rahali426@email.tn,b79f519a52f89fd1,+216 69 806 971,F,staff,2025-05-12,active
427,Sami,Ghannouchi,sami_ghannouchi427@email.tn,497c8bca44ac2529,+216 27 964 263,M,patient,2021-02-28,active
428,Hela,Zouari,hela_zouari428@email.tn,58a03c51c35e3d54,+216 76 285 725,F,patient,2024-04-04,active
429,Wassim,Boughanmi,wassim_boughanmi429@email.tn,9e24c3b19ce4e07c,+216 36 594 599,M,nurse,2021-04-07,active
430,Leila,Bouazizi,leila_bouazizi430@email.tn,a204cdb16c244565,+216 53 770 421,F,patient,2020-02-20,active
431,Elyès,Sellami,elyès_sellami431@email.tn,7b25d34c8d733dd5,+216 63 631 635,M,patient,2021-01-25,active
432,Adel,Mbarki,adel_mbarki432@email.tn,5b2d51d2d7e0e992,+216 69 252 959,M,staff,2026-04-05,active
433,Mohamed,Douzi,mohamed_douzi433@email.tn,da6107b7de62f921,+216 40 617 969,M,intern,2025-04-06,active
434,Youssef,Rhouma,youssef_rhouma434@email.tn,982d892f9947c14f,+216 82 428 346,M,patient,2023-09-17,inactive
435,Samir,Dridi,samir_dridi435@email.tn,582a4a13f0056777,+216 90 758 487,M,intern,2024-07-09,active
436,Taoufik,Ayari,taoufik_ayari436@email.tn,5dc26eb8566ef858,+216 93 558 190,M,staff,2025-08-03,active
437,Mounir,Kraiem,mounir_kraiem437@email.tn,d86351870f769b1f,+216 22 205 513,M,patient,2024-08-15,active
438,Hamza,Ben Mansour,hamza_benmansour438@email.tn,1652393097ddc4bc,+216 97 733 752,M,patient,2023-06-01,active
439,Rayen,Fakhfakh,rayen_fakhfakh439@email.tn,a732a3b097143645,+216 78 449 472,M,staff,2020-08-10,active
440,Khaoula,Bahri,khaoula_bahri440@email.tn,d4dbc278a5795f1e,+216 99 714 584,F,patient,2024-01-28,active
441,Amine,Rhouma,amine_rhouma441@email.tn,4bba4dcbe8d291a2,+216 48 102 449,M,intern,2023-12-25,active
442,Nadia,Nefzi,nadia_nefzi442@email.tn,dfd09320a5e6584e,+216 67 818 208,F,patient,2020-07-06,active
443,Yasmine,Meddeb,yasmine_meddeb443@email.tn,3671aa1c4447071a,+216 72 209 360,F,patient,2022-03-13,active
444,Hajer,Chebbi,hajer_chebbi444@email.tn,b607b94c96173539,+216 44 833 446,F,patient,2021-03-17,active
445,Ghassen,Sassi,ghassen_sassi445@email.tn,4b85638465713d69,+216 95 226 890,M,patient,2025-01-19,active
446,Mounir,Ben Ali,mounir_benali446@email.tn,d01ef7650aa4fc13,+216 87 853 149,M,patient,2026-03-16,inactive
447,Emna,Hachani,emna_hachani447@email.tn,65ba4f76da4ad0fc,+216 42 808 692,F,intern,2021-12-12,active
448,Amine,Ben Youssef,amine_benyoussef448@email.tn,77f52092a5d78fac,+216 96 720 429,M,patient,2025-08-26,active
449,Zaineb,Boughdiri,zaineb_boughdiri449@email.tn,3996892061ac7020,+216 51 380 507,F,staff,2023-11-05,inactive
450,Yasmine,Ghannouchi,yasmine_ghannouchi450@email.tn,852f0ce3288c7fdc,+216 72 716 816,F,patient,2025-09-29,active
451,Intissar,Kraiem,intissar_kraiem451@email.tn,1faeaa7183241560,+216 90 747 322,F,patient,2022-04-02,active
452,Thouraya,Mbarki,thouraya_mbarki452@email.tn,24cf1f01acca4778,+216 36 827 765,F,staff,2021-12-29,active
453,Intissar,Jebali,intissar_jebali453@email.tn,4b9a40161cbb2c74,+216 65 675 591,F,patient,2024-09-05,active
454,Houda,Ghribi,houda_ghribi454@email.tn,e8c8eda7eceaf795,+216 21 635 209,F,patient,2020-04-13,active
455,Elyès,Chaabane,elyès_chaabane455@email.tn,403d4291d72cc5e3,+216 45 373 868,M,patient,2021-10-21,inactive
456,Maryem,Sassi,maryem_sassi456@email.tn,fa3c34edd69c622a,+216 27 807 903,F,patient,2023-04-23,active
457,Lotfi,Meddeb,lotfi_meddeb457@email.tn,4848eb95a9269aeb,+216 77 204 730,M,intern,2026-04-20,active
458,Nesrine,Saidi,nesrine_saidi458@email.tn,60dac14d4eb54b14,+216 56 809 780,F,patient,2020-07-11,inactive
459,Soumaya,Ben Mansour,soumaya_benmansour459@email.tn,fd967991978992ae,+216 60 665 155,F,patient,2020-02-23,active
460,Sofien,Sellami,sofien_sellami460@email.tn,5e7de859abfc8b6f,+216 76 949 330,M,patient,2024-02-15,active
461,Habib,Brik,habib_brik461@email.tn,3f678a8e8ab5442d,+216 44 401 559,M,patient,2021-12-27,inactive
462,Nizar,Mathlouthi,nizar_mathlouthi462@email.tn,0743948a06d51773,+216 85 222 486,M,patient,2020-06-15,active
463,Yasmine,Khelifi,yasmine_khelifi463@email.tn,764285a6f9d4b6e9,+216 94 966 361,F,patient,2020-01-24,active
464,Ali,Mzoughi,ali_mzoughi464@email.tn,00f710b858cb680e,+216 61 711 152,M,patient,2023-05-18,active
465,Nour,Ben Mansour,nour_benmansour465@email.tn,e4e7a22305de3252,+216 60 638 325,F,nurse,2022-01-23,active
466,Chokri,Zghal,chokri_zghal466@email.tn,e90969d97b61038b,+216 88 513 194,M,intern,2023-12-02,active
467,Elyès,Ferchichi,elyès_ferchichi467@email.tn,52fac181108cb8a5,+216 62 469 400,M,patient,2022-06-13,inactive
468,Nadia,Meddeb,nadia_meddeb468@email.tn,75dac3a4b154073c,+216 21 217 784,F,staff,2023-11-18,active
469,Ali,Zouari,ali_zouari469@email.tn,3cfa8ef3e42d533c,+216 61 490 915,M,intern,2021-04-09,active
470,Ines,Boughdiri,ines_boughdiri470@email.tn,6044f4a8e161035d,+216 86 941 888,F,patient,2024-03-15,active
471,Faten,Hammami,faten_hammami471@email.tn,eaa967a5d572c2f8,+216 57 767 297,F,staff,2023-08-05,active
472,Anis,Hachani,anis_hachani472@email.tn,dda9886f9e08fca7,+216 88 646 107,M,patient,2020-09-25,active
473,Wassim,Jelassi,wassim_jelassi473@email.tn,503f538c6d0e68b0,+216 33 310 650,M,patient,2024-11-17,active
474,Bechir,Zouari,bechir_zouari474@email.tn,1a7b2cf16dcc334a,+216 39 124 570,M,staff,2023-09-20,active
475,Omar,Mathlouthi,omar_mathlouthi475@email.tn,bfdb6579cd231e13,+216 52 671 172,M,patient,2022-07-21,inactive
476,Naima,Ayari,naima_ayari476@email.tn,85b72af02bc2a784,+216 71 543 423,F,patient,2020-03-10,active
477,Issam,Ben Ali,issam_benali477@email.tn,0dba9494f50df8ff,+216 99 164 874,M,nurse,2020-07-05,active
478,Lotfi,Saidi,lotfi_saidi478@email.tn,d6504b9b978c1a67,+216 33 396 905,M,staff,2023-05-19,active
479,Ferida,Ayari,ferida_ayari479@email.tn,5baaeb09c8e669d5,+216 68 504 941,F,staff,2020-05-06,active
480,Karim,Kraiem,karim_kraiem480@email.tn,b704ad1a9ac8c1d7,+216 70 915 916,M,patient,2026-02-13,active
481,Maher,Zouari,maher_zouari481@email.tn,98b239c8412ef91c,+216 67 111 666,M,patient,2026-03-23,active
482,Mohamed,Missaoui,mohamed_missaoui482@email.tn,92dace40c1745600,+216 96 503 650,M,intern,2026-02-20,inactive
483,Hajer,Kraiem,hajer_kraiem483@email.tn,87f8890df2380ac3,+216 64 316 522,F,patient,2025-09-30,active
484,Fares,Labidi,fares_labidi484@email.tn,edd69f025046f867,+216 52 298 217,M,patient,2022-01-12,active
485,Fethi,Bahri,fethi_bahri485@email.tn,a9cd093a53c5634e,+216 79 760 662,M,patient,2020-10-26,active
486,Mehdi,Sfar,mehdi_sfar486@email.tn,48224f2391bfe919,+216 45 843 694,M,patient,2025-06-18,inactive
487,Yasmine,Fakhfakh,yasmine_fakhfakh487@email.tn,fdbdacc3464a603f,+216 50 202 391,F,patient,2020-10-12,inactive
488,Faten,Ayari,faten_ayari488@email.tn,b2d49adc4cddd4e2,+216 62 731 775,F,patient,2023-06-06,active
489,Wissem,Missaoui,wissem_missaoui489@email.tn,e6bf9b939d46a397,+216 66 927 423,M,patient,2024-10-20,active
490,Nesrine,Ben Mansour,nesrine_benmansour490@email.tn,21be39f93b9816e4,+216 48 829 857,F,intern,2024-11-21,active
491,Yasmine,Zouari,yasmine_zouari491@email.tn,7bc801e53c225bed,+216 62 998 591,F,patient,2025-03-10,active
492,Faten,Bahri,faten_bahri492@email.tn,d0684be84c91e22c,+216 33 279 761,F,admin,2020-12-01,active
493,Issam,Mejri,issam_mejri493@email.tn,5ad2eeee5db06346,+216 53 851 741,M,staff,2020-11-09,active
494,Samir,Rezgui,samir_rezgui494@email.tn,fddeb185e62d6e0a,+216 23 932 695,M,patient,2024-07-17,active
495,Ali,Bahri,ali_bahri495@email.tn,e4eba0edde97aa5f,+216 53 656 652,M,patient,2025-04-17,active
496,Hatem,Haddad,hatem_haddad496@email.tn,bc9ae054fb489517,+216 48 890 703,M,patient,2023-04-06,active
497,Nabil,Ben Salah,nabil_bensalah497@email.tn,a70903dbfd921835,+216 84 110 778,M,patient,2022-09-05,active
498,Fethi,Saidi,fethi_saidi498@email.tn,0dfd06b1ff3f6d99,+216 37 556 263,M,patient,2022-01-03,active
499,Bechir,Brik,bechir_brik499@email.tn,8bfa6dd7cd170a1e,+216 81 467 141,M,patient,2022-06-15,active
500,Youssef,Nasri,youssef_nasri500@email.tn,3c4cd6d44300d509,+216 67 339 143,M,nurse,2022-04-26,active
501,Naima,Lassoued,naima_lassoued501@email.tn,b0df57982def58af,+216 78 147 140,F,staff,2023-08-20,active
502,Mouna,Nasri,mouna_nasri502@email.tn,17620be03942bb72,+216 94 657 683,F,patient,2021-12-13,active
503,Sara,Chérif,sara_chérif503@email.tn,45226d4a059b5ff3,+216 29 629 357,F,nurse,2024-03-21,inactive
504,Khaled,Haddad,khaled_haddad504@email.tn,e854626aeb39603b,+216 65 936 988,M,patient,2023-11-14,active
505,Zaineb,Ben Ali,zaineb_benali505@email.tn,c911f1b621937453,+216 84 242 550,F,patient,2021-11-09,active
506,Hajer,Mzoughi,hajer_mzoughi506@email.tn,8569a9fd4dadeab4,+216 43 261 470,F,nurse,2021-04-29,active
507,Khaoula,Brik,khaoula_brik507@email.tn,f92174cd0f59ebf4,+216 34 593 791,F,staff,2025-05-15,active
508,Rayen,Sassi,rayen_sassi508@email.tn,607da53532bcf643,+216 72 122 349,M,patient,2020-06-25,active
509,Karim,Rezgui,karim_rezgui509@email.tn,05054d589d7d0ba3,+216 85 140 686,M,staff,2021-08-24,active
510,Hana,Nefzi,hana_nefzi510@email.tn,08ef2f1a53a8823f,+216 71 713 677,F,patient,2020-03-17,active
511,Salma,Souissi,salma_souissi511@email.tn,5824ddbda9691830,+216 77 721 582,F,staff,2025-05-26,active
512,Zaineb,Mzoughi,zaineb_mzoughi512@email.tn,3b7f2ca632af60d0,+216 94 940 885,F,staff,2022-01-14,active
513,Sana,Brik,sana_brik513@email.tn,9ac4f5519d4ec6c3,+216 63 564 710,F,patient,2020-10-08,active
514,Yasmine,Sfar,yasmine_sfar514@email.tn,80c40714b3389ca5,+216 22 307 635,F,nurse,2025-08-27,active
515,Mourad,Sfar,mourad_sfar515@email.tn,2b2087791be18bfb,+216 42 587 729,M,patient,2020-06-08,active
516,Hamza,Lassoued,hamza_lassoued516@email.tn,ab5dc28a8525d82e,+216 36 717 652,M,patient,2020-01-05,active
517,Cyrine,Turki,cyrine_turki517@email.tn,a878c42cc228eabe,+216 67 995 144,F,patient,2025-12-10,active
518,Sabah,Ben Youssef,sabah_benyoussef518@email.tn,40c929ea31c2727f,+216 64 703 923,F,admin,2021-02-04,active
519,Samia,Hachani,samia_hachani519@email.tn,9da46926fe23f618,+216 49 979 185,F,staff,2023-03-06,active
520,Dorra,Mejri,dorra_mejri520@email.tn,27bdf353b225dcb2,+216 20 826 861,F,patient,2020-01-30,active
521,Khaled,Ben Ali,khaled_benali521@email.tn,2b393c6ce15d201b,+216 68 770 310,M,patient,2023-07-17,active
522,Bilel,Jelassi,bilel_jelassi522@email.tn,c2e2a80c4f500139,+216 94 359 367,M,patient,2026-01-04,active
523,Imen,Rahali,imen_rahali523@email.tn,460948e063a53065,+216 70 873 308,F,staff,2024-08-19,active
524,Hana,Ben Salah,hana_bensalah524@email.tn,0d8de4afd3ab8f59,+216 91 668 595,F,nurse,2022-11-05,inactive
525,Sabah,Mansouri,sabah_mansouri525@email.tn,d608c51f9116ccc3,+216 70 853 241,F,staff,2021-05-02,active
526,Khadija,Khelifi,khadija_khelifi526@email.tn,95aee29ca6efe258,+216 32 319 620,F,patient,2024-06-28,active
527,Anis,Ben Youssef,anis_benyoussef527@email.tn,0172bbdc5712e6e7,+216 20 923 193,M,patient,2021-08-18,active
528,Salma,Bouazizi,salma_bouazizi528@email.tn,64fa0092b2e3fc06,+216 53 327 479,F,admin,2020-11-23,active
529,Zohra,Labidi,zohra_labidi529@email.tn,11d0c9b112fb6bdf,+216 86 393 828,F,staff,2020-08-23,inactive
530,Ghassen,Boukadida,ghassen_boukadida530@email.tn,e4aef193061443b5,+216 76 110 306,M,patient,2025-10-23,active
531,Mourad,Saidi,mourad_saidi531@email.tn,bf71d953a6a8ff1d,+216 86 815 337,M,patient,2021-11-25,active
532,Nesrine,Douzi,nesrine_douzi532@email.tn,fc2517aed939ea52,+216 20 261 188,F,patient,2023-02-04,active
533,Sawsen,Haddad,sawsen_haddad533@email.tn,efa7a82294703be2,+216 71 700 305,F,staff,2025-10-21,active
534,Hamza,Bahri,hamza_bahri534@email.tn,975b42fe08f47bd4,+216 56 843 949,M,patient,2026-04-09,inactive
535,Mariem,Meddeb,mariem_meddeb535@email.tn,cece1e8b8c67843c,+216 55 331 720,F,patient,2022-03-07,active
536,Hela,Ben Ali,hela_benali536@email.tn,5af75336f77e9393,+216 53 279 516,F,staff,2025-09-04,active
537,Samir,Oueslati,samir_oueslati537@email.tn,6ee8abd6f9f048e0,+216 63 219 922,M,patient,2025-10-03,inactive
538,Khadija,Ayari,khadija_ayari538@email.tn,ace0072e52f46f40,+216 68 676 595,F,patient,2022-09-23,active
539,Thouraya,Chebbi,thouraya_chebbi539@email.tn,f44a225432903e15,+216 95 982 128,F,staff,2025-05-28,active
540,Zied,Rezgui,zied_rezgui540@email.tn,5362490f1c1e7834,+216 48 793 818,M,patient,2022-07-30,active
541,Mariem,Nefzi,mariem_nefzi541@email.tn,eff8ef865e57d721,+216 88 109 817,F,staff,2022-12-14,active
542,Nabil,Zouari,nabil_zouari542@email.tn,c421da37a11a92de,+216 63 177 667,M,intern,2022-01-01,active
543,Hajer,Azaiez,hajer_azaiez543@email.tn,ca01a55607397a86,+216 93 375 287,F,patient,2022-02-17,active
544,Tarek,Kraiem,tarek_kraiem544@email.tn,41053ebb1a86ae6b,+216 50 993 371,M,nurse,2022-04-26,active
545,Sofien,Mbarki,sofien_mbarki545@email.tn,21ac17e13caf15e1,+216 39 897 209,M,patient,2021-05-06,inactive
546,Imen,Ben Ali,imen_benali546@email.tn,6e36a7b77d1d91d7,+216 89 143 968,F,patient,2025-05-29,active
547,Faten,Azaiez,faten_azaiez547@email.tn,3c6b6654e4615dc9,+216 93 989 381,F,patient,2025-07-03,active
548,Zohra,Dridi,zohra_dridi548@email.tn,b3d548860244e89b,+216 93 231 155,F,patient,2025-11-23,active
549,Meriam,Hammami,meriam_hammami549@email.tn,0bbc364dab27caf7,+216 84 455 503,F,patient,2021-12-16,active
550,Houssem,Nefzi,houssem_nefzi550@email.tn,6263aa03c9f8c1e7,+216 78 423 805,M,patient,2020-02-04,active
551,Zied,Chérif,zied_chérif551@email.tn,1bb2f3c1986fd03a,+216 32 433 470,M,nurse,2022-11-29,active
552,Nesrine,Rahali,nesrine_rahali552@email.tn,3e37e891e2ccfaaa,+216 80 727 451,F,patient,2024-02-07,active
553,Hajer,Turki,hajer_turki553@email.tn,7b89114239d3cd4e,+216 67 473 974,F,patient,2024-06-28,active
554,Wissem,Ghannouchi,wissem_ghannouchi554@email.tn,4698d2a86628ab91,+216 93 802 334,M,patient,2021-02-13,active
555,Makram,Jelassi,makram_jelassi555@email.tn,8ff2a2fd2e463564,+216 68 300 249,M,patient,2021-09-04,active
556,Nizar,Turki,nizar_turki556@email.tn,f2d1af369e15a5b0,+216 83 237 969,M,patient,2025-10-18,active
557,Faten,Tlili,faten_tlili557@email.tn,3f599a9fd2412c69,+216 52 675 979,F,admin,2020-07-14,active
558,Omar,Souissi,omar_souissi558@email.tn,8619aa6f2328766d,+216 52 587 959,M,staff,2021-01-29,active
559,Dorra,Ben Salah,dorra_bensalah559@email.tn,a29329715ab63208,+216 66 673 670,F,patient,2022-11-21,active
560,Sirine,Mbarki,sirine_mbarki560@email.tn,9445fc72bff9b9c0,+216 97 303 690,F,patient,2026-01-14,active
561,Mariem,Hamrouni,mariem_hamrouni561@email.tn,d78cf6066021d6fe,+216 85 599 893,F,patient,2025-01-04,active
562,Imen,Oueslati,imen_oueslati562@email.tn,72326c73687c42ec,+216 79 746 248,F,patient,2021-11-17,active
563,Soumaya,Rezgui,soumaya_rezgui563@email.tn,6187cd714a57666f,+216 98 685 514,F,patient,2020-10-19,active
564,Olfa,Hamrouni,olfa_hamrouni564@email.tn,f9954ea64626f69e,+216 60 768 398,F,admin,2022-12-31,active
565,Rim,Boughanmi,rim_boughanmi565@email.tn,f38a446dd5ce2aae,+216 76 899 983,F,staff,2024-01-27,active
566,Soumaya,Khelifi,soumaya_khelifi566@email.tn,d955ed2be90c6e2a,+216 43 974 123,F,patient,2021-05-27,active
567,Mouna,Hamouda,mouna_hamouda567@email.tn,f92865ca95236539,+216 30 315 270,F,patient,2024-06-14,active
568,Adel,Bahri,adel_bahri568@email.tn,ea17524a009fefd6,+216 26 126 889,M,nurse,2024-06-14,active
569,Amine,Nasri,amine_nasri569@email.tn,14133f728d8e9dbb,+216 99 259 186,M,staff,2024-05-15,active
570,Bechir,Oueslati,bechir_oueslati570@email.tn,b9d7e11ecba9f727,+216 76 741 229,M,patient,2021-06-21,active
571,Ahmed,Hammami,ahmed_hammami571@email.tn,aae6922dd13291cc,+216 65 981 433,M,patient,2025-05-04,active
572,Nadia,Ayari,nadia_ayari572@email.tn,8051867926972377,+216 37 814 652,F,patient,2021-12-26,active
573,Ghofrane,Kraiem,ghofrane_kraiem573@email.tn,8d3b90fcb4bae5c0,+216 92 545 636,F,nurse,2025-12-26,active
574,Samia,Zghal,samia_zghal574@email.tn,6c3e57b2e64dc66b,+216 49 924 191,F,patient,2024-12-14,active
575,Dorra,Mzoughi,dorra_mzoughi575@email.tn,94bb6e0d294662eb,+216 58 110 100,F,patient,2025-11-13,active
576,Lotfi,Oueslati,lotfi_oueslati576@email.tn,0f176462240fc848,+216 80 647 108,M,patient,2025-07-07,inactive
577,Lobna,Ben Ali,lobna_benali577@email.tn,8442e3258d702b44,+216 75 917 399,F,patient,2022-08-05,active
578,Wafa,Turki,wafa_turki578@email.tn,f02d1c03ff42f6ef,+216 91 547 504,F,staff,2022-10-20,active
579,Naima,Dridi,naima_dridi579@email.tn,fccfff452ad8d40e,+216 53 181 532,F,intern,2022-09-08,active
580,Amel,Douzi,amel_douzi580@email.tn,1bc5fff4072cc909,+216 88 928 375,F,patient,2024-08-18,active
581,Nizar,Ghannouchi,nizar_ghannouchi581@email.tn,452c263bc2d2053d,+216 57 213 752,M,staff,2025-02-08,active
582,Khadija,Labidi,khadija_labidi582@email.tn,c64dadc86e2308c3,+216 82 292 428,F,intern,2020-03-20,active
583,Nizar,Sfar,nizar_sfar583@email.tn,b466fd03d20532aa,+216 56 375 228,M,nurse,2024-11-30,active
584,Hamza,Mzoughi,hamza_mzoughi584@email.tn,6ab566b89c9277f2,+216 21 605 322,M,patient,2023-11-01,active
585,Sara,Chebbi,sara_chebbi585@email.tn,56f4330347d5e621,+216 24 438 182,F,patient,2021-08-21,active
586,Nour,Zghal,nour_zghal586@email.tn,7640dfe470c5ae44,+216 80 285 296,F,patient,2022-10-21,active
587,Sami,Hachani,sami_hachani587@email.tn,faa24eb5e2da25cb,+216 51 494 889,M,patient,2024-12-19,active
588,Walid,Chebbi,walid_chebbi588@email.tn,1c24e712fa19e53f,+216 32 633 781,M,nurse,2022-05-03,active
589,Asma,Khelifi,asma_khelifi589@email.tn,cf6b281e0d47ed3b,+216 25 862 662,F,nurse,2025-11-03,active
590,Ghofrane,Tlili,ghofrane_tlili590@email.tn,dc4a5d78e994a225,+216 45 469 153,F,nurse,2022-06-11,inactive
591,Ghassen,Jelassi,ghassen_jelassi591@email.tn,76b66c11341e606a,+216 61 115 271,M,nurse,2023-02-04,active
592,Nesrine,Ben Ali,nesrine_benali592@email.tn,584be0f147c43973,+216 25 695 902,F,patient,2025-04-30,active
593,Hatem,Hachani,hatem_hachani593@email.tn,3f537c18e5721bf9,+216 31 354 261,M,staff,2025-08-09,active
594,Ferida,Rezgui,ferida_rezgui594@email.tn,4a7abdb770129af2,+216 27 161 464,F,intern,2021-09-22,active
595,Karim,Boukadida,karim_boukadida595@email.tn,1fd9d847f6b1adbb,+216 49 424 671,M,staff,2023-11-23,active
596,Baya,Mejri,baya_mejri596@email.tn,8b8549bb15ecece7,+216 22 805 486,F,patient,2024-01-07,active
597,Leila,Boukadida,leila_boukadida597@email.tn,17c6480b90933953,+216 76 672 401,F,patient,2026-02-01,active
598,Wissem,Mathlouthi,wissem_mathlouthi598@email.tn,9b6555249af85ef6,+216 89 456 431,M,patient,2025-04-02,active
599,Youssef,Nefzi,youssef_nefzi599@email.tn,3efa4d9024155041,+216 39 560 402,M,staff,2022-12-14,active
600,Fatma,Hachani,fatma_hachani600@email.tn,aee02853b3cf5ce0,+216 84 488 851,F,patient,2022-01-29,active
601,Sabah,Labidi,sabah_labidi601@email.tn,71b158847414bb55,+216 50 428 838,F,patient,2020-09-16,active
602,Wafa,Nefzi,wafa_nefzi602@email.tn,2d5ab7515c143d48,+216 83 884 664,F,staff,2021-09-23,active
603,Soumaya,Douzi,soumaya_douzi603@email.tn,bc293752e8761006,+216 61 213 198,F,patient,2025-11-13,active
604,Karim,Mathlouthi,karim_mathlouthi604@email.tn,5091d01d6eb611dc,+216 24 306 209,M,patient,2025-06-11,active
605,Wissem,Douzi,wissem_douzi605@email.tn,06b74ca8efc51323,+216 69 773 601,M,nurse,2025-11-23,active
606,Rania,Ben Salah,rania_bensalah606@email.tn,e6d5d1cffaf93d26,+216 48 720 835,F,nurse,2020-10-17,active
607,Rayen,Boukadida,rayen_boukadida607@email.tn,e960f254683b4bc3,+216 30 579 920,M,patient,2020-09-05,active
608,Sara,Ben Mansour,sara_benmansour608@email.tn,e2466be280686497,+216 27 943 731,F,patient,2022-12-24,active
609,Maher,Bouazizi,maher_bouazizi609@email.tn,c7be61bb1308b0cf,+216 47 631 199,M,staff,2021-02-18,active
610,Wafa,Mejri,wafa_mejri610@email.tn,da5519b71a0a2bd1,+216 87 772 354,F,patient,2022-01-02,active
611,Mouna,Sfar,mouna_sfar611@email.tn,6427199198050003,+216 93 466 790,F,patient,2025-02-21,active
612,Amira,Khelifi,amira_khelifi612@email.tn,79b2e1a42a3f3458,+216 43 663 511,F,admin,2025-08-29,active
613,Issam,Belhaj,issam_belhaj613@email.tn,0b542eba781b78ae,+216 76 460 422,M,patient,2026-03-03,inactive
614,Sara,Turki,sara_turki614@email.tn,71b4f3574f61f117,+216 75 945 843,F,staff,2023-08-17,active
615,Zied,Hachani,zied_hachani615@email.tn,25908fa63490f14b,+216 90 862 360,M,patient,2024-01-14,inactive
616,Zohra,Ben Ali,zohra_benali616@email.tn,b355a4fbcc0d5bb7,+216 24 391 710,F,staff,2020-03-07,active
617,Fatma,Tlili,fatma_tlili617@email.tn,50b815488ea04f5f,+216 48 319 976,F,staff,2023-07-13,active
618,Nadia,Saidi,nadia_saidi618@email.tn,40a7be26b8a5ec18,+216 91 684 685,F,patient,2021-09-25,active
619,Mariem,Mzoughi,mariem_mzoughi619@email.tn,555411b2f7c765e8,+216 37 371 475,F,patient,2022-10-20,active
620,Salma,Missaoui,salma_missaoui620@email.tn,d2e74131caad4788,+216 71 682 322,F,patient,2020-11-12,active
621,Hana,Boukadida,hana_boukadida621@email.tn,5decae786ca5c0ef,+216 93 939 197,F,staff,2023-05-15,active
622,Salma,Hachani,salma_hachani622@email.tn,6cb288c52a9780fe,+216 27 889 442,F,patient,2023-11-26,active
623,Soumaya,Sellami,soumaya_sellami623@email.tn,ac1af2e38bae85de,+216 35 990 888,F,staff,2022-07-17,active
624,Ghassen,Hachani,ghassen_hachani624@email.tn,dc828c0da210315b,+216 68 155 412,M,patient,2025-11-17,active
625,Hedi,Saidi,hedi_saidi625@email.tn,033aa3c549609c80,+216 48 256 151,M,patient,2024-05-28,inactive
626,Fares,Jelassi,fares_jelassi626@email.tn,55bec850a4d12399,+216 57 905 503,M,patient,2021-08-29,active
627,Adel,Missaoui,adel_missaoui627@email.tn,b4d8219038fabf24,+216 26 661 508,M,nurse,2022-12-11,active
628,Sabah,Hamouda,sabah_hamouda628@email.tn,ab18534ce364420d,+216 36 880 238,F,intern,2025-05-23,active
629,Zohra,Douzi,zohra_douzi629@email.tn,ed1c15214fd883dc,+216 93 300 674,F,staff,2025-11-17,active
630,Skander,Hachani,skander_hachani630@email.tn,e63819d21a41461a,+216 75 431 801,M,patient,2021-01-01,active
631,Houda,Ben Salah,houda_bensalah631@email.tn,b2974e01fb0678bb,+216 64 295 428,F,staff,2023-11-12,active
632,Habib,Tlili,habib_tlili632@email.tn,ea2f88e4dc036d3a,+216 41 458 731,M,patient,2024-12-16,active
633,Leila,Meddeb,leila_meddeb633@email.tn,8747713e84f039dd,+216 49 304 801,F,intern,2024-03-11,active
634,Sami,Kraiem,sami_kraiem634@email.tn,983006fd0f949bfe,+216 26 348 735,M,patient,2021-08-27,active
635,Fatma,Ferchichi,fatma_ferchichi635@email.tn,0177d05b1c490141,+216 34 412 560,F,intern,2025-04-13,active
636,Bechir,Zghal,bechir_zghal636@email.tn,18924d0fbae0cd75,+216 47 308 659,M,patient,2025-11-13,active
637,Imen,Brik,imen_brik637@email.tn,e13328088f528578,+216 38 811 815,F,patient,2020-03-16,active
638,Mehdi,Khelifi,mehdi_khelifi638@email.tn,2db55b8367efbd16,+216 27 390 305,M,patient,2023-01-16,active
639,Youssef,Ben Youssef,youssef_benyoussef639@email.tn,11b92ae2622a60a0,+216 54 778 972,M,intern,2024-01-15,active
640,Bassem,Sellami,bassem_sellami640@email.tn,040cbbeb69512afa,+216 69 336 489,M,intern,2025-09-13,inactive
641,Hedi,Boukadida,hedi_boukadida641@email.tn,b0c7555b0b733574,+216 96 644 190,M,patient,2022-02-02,active
642,Nadia,Mansouri,nadia_mansouri642@email.tn,4da3d317f928f404,+216 22 140 353,F,patient,2025-12-08,active
643,Zohra,Kraiem,zohra_kraiem643@email.tn,52a88f6340f3259b,+216 40 118 455,F,staff,2023-12-12,active
644,Nesrine,Saidi,nesrine_saidi644@email.tn,748cde10769d04ec,+216 55 931 163,F,patient,2022-11-21,active
645,Makram,Rahali,makram_rahali645@email.tn,ca1f3c1e352ad2ce,+216 48 255 449,M,admin,2024-05-28,active
646,Aziz,Ben Youssef,aziz_benyoussef646@email.tn,c00651e8504512c0,+216 86 794 727,M,patient,2022-07-20,active
647,Mondher,Tlili,mondher_tlili647@email.tn,ad60874e256cbb04,+216 97 437 559,M,patient,2026-01-29,active
648,Aymen,Zghal,aymen_zghal648@email.tn,fe8b1eee4f3ea568,+216 45 983 241,M,patient,2023-06-19,active
649,Mondher,Boughdiri,mondher_boughdiri649@email.tn,891c1cb6e092c47c,+216 38 771 678,M,patient,2021-10-09,active
650,Nizar,Hamrouni,nizar_hamrouni650@email.tn,5a3ec7377a673359,+216 38 844 130,M,admin,2023-07-29,active
651,Soumaya,Tlili,soumaya_tlili651@email.tn,142e21252b25a6c1,+216 76 863 941,F,admin,2023-01-26,active
652,Amine,Ghannouchi,amine_ghannouchi652@email.tn,a10d2c59ba1e6e7c,+216 43 126 880,M,patient,2022-12-29,active
653,Mourad,Dridi,mourad_dridi653@email.tn,9aa37e0ab81124e6,+216 49 803 126,M,staff,2024-01-11,active
654,Yasmine,Saidi,yasmine_saidi654@email.tn,f57837ad6bf3b766,+216 97 580 829,F,patient,2024-03-11,active
655,Faten,Lassoued,faten_lassoued655@email.tn,9602b19f4c47ca50,+216 37 267 297,F,patient,2022-07-15,active
656,Skander,Turki,skander_turki656@email.tn,b186f0c0c1df1936,+216 48 860 787,M,patient,2022-04-10,active
657,Nizar,Ayari,nizar_ayari657@email.tn,b6e9de42a2226fb7,+216 98 601 804,M,patient,2023-08-23,active
658,Mondher,Haddad,mondher_haddad658@email.tn,b3ae0008880fe7a3,+216 25 722 852,M,patient,2024-04-07,active
659,Imen,Kraiem,imen_kraiem659@email.tn,76b7202143730c7e,+216 93 708 649,F,nurse,2025-11-21,active
660,Khaled,Sfar,khaled_sfar660@email.tn,5d80ceb69f359e96,+216 77 567 946,M,staff,2020-06-22,active
661,Khaled,Zghal,khaled_zghal661@email.tn,5bf0f66d42fc02f8,+216 70 852 140,M,nurse,2026-04-03,active
662,Walid,Oueslati,walid_oueslati662@email.tn,e32f7a640c165e73,+216 76 507 411,M,patient,2023-03-17,active
663,Amel,Labidi,amel_labidi663@email.tn,78224bf1ecc48a9d,+216 26 806 629,F,staff,2021-08-05,active
664,Salma,Brik,salma_brik664@email.tn,e23e6255bf9627e4,+216 84 215 284,F,intern,2026-02-16,active
665,Asma,Ayari,asma_ayari665@email.tn,7cbf5e00fe825760,+216 23 283 564,F,patient,2022-04-07,active
666,Mehdi,Hamrouni,mehdi_hamrouni666@email.tn,2a4752519ee6e055,+216 40 835 850,M,patient,2021-05-21,active
667,Ghofrane,Ben Salah,ghofrane_bensalah667@email.tn,195516d5ed478c94,+216 30 636 824,F,intern,2024-04-22,active
668,Zied,Bahri,zied_bahri668@email.tn,0ac3b2198fb853dc,+216 68 144 886,M,nurse,2021-11-30,inactive
669,Anis,Sellami,anis_sellami669@email.tn,f112a2212f5cc5c2,+216 38 283 887,M,staff,2020-07-29,active
670,Baya,Hachani,baya_hachani670@email.tn,bdaddfde91d04de1,+216 77 395 741,F,patient,2022-01-10,active
671,Walid,Ben Ali,walid_benali671@email.tn,b6eddfdc7edde668,+216 99 883 359,M,patient,2020-02-20,active
672,Meriam,Ghribi,meriam_ghribi672@email.tn,2e333e8a42b0782d,+216 20 722 605,F,patient,2022-09-01,active
673,Raja,Turki,raja_turki673@email.tn,c22dca0efe6dfadf,+216 76 181 715,F,patient,2020-01-27,active
674,Imen,Rezgui,imen_rezgui674@email.tn,c2682ad002012edf,+216 91 939 945,F,patient,2022-04-30,active
675,Omar,Douzi,omar_douzi675@email.tn,b089e181616027f2,+216 64 137 248,M,patient,2020-05-12,active
676,Khaoula,Boughdiri,khaoula_boughdiri676@email.tn,9e009a3a81adfae3,+216 31 150 211,F,patient,2024-09-03,inactive
677,Wassim,Oueslati,wassim_oueslati677@email.tn,60e11b4760f5da67,+216 98 776 808,M,patient,2026-04-21,active
678,Mouna,Chérif,mouna_chérif678@email.tn,d6a8d020fee9de33,+216 66 136 195,F,intern,2023-05-10,active
679,Nour,Rhouma,nour_rhouma679@email.tn,6a5b012eb5d7a46f,+216 74 963 663,F,intern,2020-09-22,active
680,Sami,Hamouda,sami_hamouda680@email.tn,0247d936925ba8ec,+216 55 437 639,M,patient,2024-08-21,active
681,Sofien,Chaabane,sofien_chaabane681@email.tn,c5673319271ad8a4,+216 33 685 847,M,admin,2025-12-06,inactive
682,Baya,Hamouda,baya_hamouda682@email.tn,5efc00f87273a41b,+216 97 907 823,F,staff,2023-03-22,active
683,Dorra,Nefzi,dorra_nefzi683@email.tn,e20c0a526cddf292,+216 93 738 462,F,staff,2021-06-15,active
684,Cyrine,Brik,cyrine_brik684@email.tn,132c948cf16bc8fb,+216 83 604 927,F,patient,2022-01-06,active
685,Oussama,Oueslati,oussama_oueslati685@email.tn,52b7287231a3093d,+216 44 101 221,M,admin,2020-04-08,active
686,Bechir,Karray,bechir_karray686@email.tn,6bc18b0e250cde2a,+216 46 918 730,M,intern,2024-08-25,active
687,Mariem,Bahri,mariem_bahri687@email.tn,4db0005c20037f6c,+216 47 111 755,F,patient,2022-04-04,active
688,Nour,Tlili,nour_tlili688@email.tn,a9090c64c8504d67,+216 58 618 663,F,admin,2023-08-19,active
689,Wassim,Ferchichi,wassim_ferchichi689@email.tn,11bd76772f75140b,+216 63 505 841,M,patient,2020-04-29,active
690,Slim,Sassi,slim_sassi690@email.tn,02a4af1d61d751b1,+216 63 788 590,M,patient,2025-04-27,active
691,Adel,Mzoughi,adel_mzoughi691@email.tn,3cd4451c70e10074,+216 78 985 649,M,staff,2023-10-04,active
692,Mouna,Chaabane,mouna_chaabane692@email.tn,5a84d9d79cb918b3,+216 86 406 678,F,patient,2023-07-16,active
693,Rami,Missaoui,rami_missaoui693@email.tn,5778214b22be2237,+216 62 918 914,M,staff,2023-12-19,active
694,Skander,Sassi,skander_sassi694@email.tn,89a769be051715d9,+216 23 447 484,M,staff,2025-12-28,active
695,Hana,Belhaj,hana_belhaj695@email.tn,5daccb89cf008bf3,+216 34 985 901,F,intern,2023-06-16,active
696,Intissar,Hammami,intissar_hammami696@email.tn,7261aad461ed06d1,+216 54 523 188,F,nurse,2025-07-28,active
697,Latifa,Sassi,latifa_sassi697@email.tn,78819892e793ca78,+216 58 321 637,F,patient,2023-05-23,active
698,Leila,Hachani,leila_hachani698@email.tn,23b7dabe4dd5da8b,+216 45 194 554,F,staff,2025-09-03,active
699,Emna,Mzoughi,emna_mzoughi699@email.tn,43ca9a437e446391,+216 44 448 595,F,admin,2025-11-14,active
700,Maryem,Hachani,maryem_hachani700@email.tn,cddf66a54993745e,+216 32 941 628,F,patient,2021-06-27,active
701,Taoufik,Ben Youssef,taoufik_benyoussef701@email.tn,deb49025280484f8,+216 86 218 104,M,patient,2023-06-27,inactive
702,Slim,Chebbi,slim_chebbi702@email.tn,2bf0c10dcbfd26ec,+216 25 205 633,M,patient,2023-07-03,active
703,Ghofrane,Azaiez,ghofrane_azaiez703@email.tn,596c2bd7212f2ed6,+216 46 428 305,F,patient,2022-02-27,active
704,Sabah,Ayari,sabah_ayari704@email.tn,56b0f40bd8d515cb,+216 35 379 252,F,patient,2021-10-07,active
705,Sofien,Bahri,sofien_bahri705@email.tn,2c02f221343c1f02,+216 85 204 311,M,nurse,2026-01-31,active
706,Rim,Mzoughi,rim_mzoughi706@email.tn,d3202d96f004121a,+216 56 687 350,F,staff,2021-12-02,active
707,Meriam,Ayari,meriam_ayari707@email.tn,b96d6b880af0a0c2,+216 26 233 129,F,staff,2025-04-12,inactive
708,Amine,Ben Youssef,amine_benyoussef708@email.tn,298aa17a407b30ff,+216 26 188 536,M,patient,2024-05-24,active
709,Imen,Mbarki,imen_mbarki709@email.tn,f48de711cd667c70,+216 59 440 937,F,staff,2022-03-22,active
710,Fethi,Rhouma,fethi_rhouma710@email.tn,3f0d07d14e0f5840,+216 79 681 234,M,nurse,2021-01-15,active
711,Amira,Chebbi,amira_chebbi711@email.tn,481bd27904adb3a7,+216 59 800 759,F,patient,2025-03-21,active
712,Bilel,Sellami,bilel_sellami712@email.tn,eeca5ecd81d9d94a,+216 98 364 472,M,staff,2024-05-24,active
713,Asma,Chebbi,asma_chebbi713@email.tn,80b52f4b8e0ea182,+216 82 130 166,F,patient,2025-04-30,active
714,Raja,Karray,raja_karray714@email.tn,5f59de158c9d81eb,+216 41 389 886,F,patient,2023-11-28,active
715,Samir,Sfar,samir_sfar715@email.tn,bfcf58c431aa4886,+216 71 937 831,M,patient,2021-03-14,active
716,Maher,Zghal,maher_zghal716@email.tn,afbd876c3ca4bcf8,+216 79 510 704,M,staff,2024-08-20,active
717,Makram,Khelifi,makram_khelifi717@email.tn,e7c3ba8ea48d1f9f,+216 81 493 167,M,patient,2023-10-27,active
718,Houda,Missaoui,houda_missaoui718@email.tn,04e75fcc2783de6d,+216 63 657 810,F,patient,2022-08-25,active
719,Bechir,Mansouri,bechir_mansouri719@email.tn,a3abc853ede85247,+216 93 956 598,M,patient,2021-04-13,active
720,Asma,Bahri,asma_bahri720@email.tn,4c89774dcf4a90e1,+216 32 941 555,F,admin,2021-12-22,active
721,Nour,Belhaj,nour_belhaj721@email.tn,852e531fec6cdf42,+216 33 801 933,F,intern,2024-04-01,active
722,Hamza,Souissi,hamza_souissi722@email.tn,fdfd491f8b367a8e,+216 37 694 873,M,staff,2020-01-01,active
723,Ridha,Zghal,ridha_zghal723@email.tn,7ac32620a606edcd,+216 57 499 730,M,patient,2025-01-05,active
724,Lobna,Missaoui,lobna_missaoui724@email.tn,bd8cf4450ed492be,+216 58 545 835,F,patient,2023-11-11,inactive
725,Sofien,Saidi,sofien_saidi725@email.tn,0396360863b89acd,+216 71 967 230,M,staff,2023-04-19,active
726,Mohamed,Mansouri,mohamed_mansouri726@email.tn,438e22d9278b19c1,+216 91 940 467,M,staff,2021-03-25,active
727,Tarek,Jelassi,tarek_jelassi727@email.tn,60bef10b7b8ea4c9,+216 95 503 740,M,patient,2023-07-27,active
728,Naima,Jelassi,naima_jelassi728@email.tn,71795890c1abb408,+216 89 316 778,F,patient,2021-12-11,active
729,Makram,Ben Youssef,makram_benyoussef729@email.tn,dc768bc35701bb73,+216 66 960 527,M,admin,2021-09-23,active
730,Karim,Ben Ali,karim_benali730@email.tn,1d8496270b415236,+216 29 763 116,M,patient,2021-08-12,active
731,Sawsen,Jelassi,sawsen_jelassi731@email.tn,d937dab17fc21eb3,+216 37 186 240,F,patient,2024-08-30,active
732,Imen,Mathlouthi,imen_mathlouthi732@email.tn,12948e87bc6bfa17,+216 78 621 534,F,patient,2026-03-11,active
733,Mariem,Dridi,mariem_dridi733@email.tn,a105543094559c63,+216 43 534 719,F,patient,2020-01-31,active
734,Oussama,Saidi,oussama_saidi734@email.tn,17a67f5610f3f736,+216 54 520 659,M,patient,2024-02-12,active
735,Wissem,Lassoued,wissem_lassoued735@email.tn,dc8acbd37aa44788,+216 67 215 694,M,admin,2025-05-26,inactive
736,Bilel,Brik,bilel_brik736@email.tn,d3dd6a2a63e45d1a,+216 87 979 868,M,patient,2023-02-18,active
737,Khaled,Boughanmi,khaled_boughanmi737@email.tn,9442a1c050894a21,+216 98 190 351,M,admin,2025-04-19,active
738,Wassim,Rezgui,wassim_rezgui738@email.tn,1e1cdcf51569b3fc,+216 89 917 693,M,patient,2023-07-03,active
739,Meriam,Hachani,meriam_hachani739@email.tn,9d03c2ba4bb28de0,+216 21 580 564,F,patient,2025-09-30,inactive
740,Soumaya,Mbarki,soumaya_mbarki740@email.tn,7f6361ac44d00039,+216 57 396 271,F,patient,2020-05-24,active
741,Baya,Ben Mansour,baya_benmansour741@email.tn,af76e6fc000729eb,+216 92 366 162,F,patient,2025-04-22,active
742,Elyès,Oueslati,elyès_oueslati742@email.tn,2e956560a6365936,+216 99 127 393,M,patient,2025-06-08,active
743,Skander,Nasri,skander_nasri743@email.tn,26db08ae1af4769c,+216 36 730 387,M,nurse,2023-02-01,active
744,Bechir,Jebali,bechir_jebali744@email.tn,0d10426bd983de48,+216 97 278 705,M,patient,2021-09-11,active
745,Hana,Nasri,hana_nasri745@email.tn,37bea38ffb8de187,+216 50 596 285,F,patient,2025-11-30,active
746,Salma,Mzoughi,salma_mzoughi746@email.tn,5e61dee7a4bccac1,+216 96 941 257,F,patient,2025-07-24,active
747,Sabah,Ben Youssef,sabah_benyoussef747@email.tn,58f16392238aa1dc,+216 50 776 550,F,nurse,2021-11-16,active
748,Rania,Douzi,rania_douzi748@email.tn,4f11c14d431bbc68,+216 53 873 939,F,patient,2021-04-20,active
749,Zohra,Lassoued,zohra_lassoued749@email.tn,6e61fb564b783c93,+216 58 587 864,F,patient,2025-12-21,active
750,Samia,Nasri,samia_nasri750@email.tn,d4b3a708c7191dac,+216 38 643 991,F,patient,2024-11-15,active
751,Naima,Zouari,naima_zouari751@email.tn,029aae548ed5a583,+216 60 642 799,F,nurse,2020-06-17,active
752,Houda,Labidi,houda_labidi752@email.tn,1b0eb01c51b933cb,+216 54 443 376,F,patient,2022-12-29,active
753,Radhia,Chérif,radhia_chérif753@email.tn,9138b5aa27cec7f1,+216 70 572 891,F,patient,2022-09-17,active
754,Khaled,Ferchichi,khaled_ferchichi754@email.tn,47b22e8ffd527c28,+216 43 420 660,M,staff,2020-02-13,active
755,Mohamed,Turki,mohamed_turki755@email.tn,12b394128aaa5490,+216 32 637 206,M,intern,2024-12-31,active
756,Dorra,Mejri,dorra_mejri756@email.tn,9bf59b74bd87a509,+216 24 124 734,F,patient,2021-01-11,active
757,Mourad,Rezgui,mourad_rezgui757@email.tn,cdf1ce68c2b25674,+216 35 825 222,M,admin,2020-12-19,active
758,Zied,Fakhfakh,zied_fakhfakh758@email.tn,58213ad15a762e2c,+216 92 922 289,M,staff,2021-03-30,active
759,Amel,Chebbi,amel_chebbi759@email.tn,fdee6d94cac7882c,+216 29 754 564,F,intern,2023-02-06,active
760,Dorra,Khelifi,dorra_khelifi760@email.tn,2ab65182598d7596,+216 29 383 895,F,patient,2020-09-12,active
761,Rania,Nasri,rania_nasri761@email.tn,5e1b8d03e51ce846,+216 53 282 551,F,patient,2020-10-11,active
762,Sofien,Haddad,sofien_haddad762@email.tn,054f5aa025b60b51,+216 42 760 603,M,staff,2021-03-20,active
763,Hajer,Labidi,hajer_labidi763@email.tn,82a3f70e40b93a71,+216 33 552 832,F,patient,2022-11-26,active
764,Youssef,Missaoui,youssef_missaoui764@email.tn,bd47f87dc160a5a3,+216 52 895 556,M,patient,2020-03-17,active
765,Rayen,Rezgui,rayen_rezgui765@email.tn,50233d7b5fcd4529,+216 20 138 780,M,patient,2024-05-18,active
766,Zohra,Missaoui,zohra_missaoui766@email.tn,cdfc454fbce6bdc4,+216 20 627 824,F,patient,2025-07-02,active
767,Baya,Hachani,baya_hachani767@email.tn,828d6474748d1234,+216 28 653 331,F,patient,2020-01-14,active
768,Sirine,Missaoui,sirine_missaoui768@email.tn,f30d54cdfe508105,+216 88 467 441,F,admin,2023-05-25,active
769,Hatem,Zghal,hatem_zghal769@email.tn,2c0329e8313612ea,+216 63 182 961,M,staff,2025-02-25,active
770,Radhia,Mejri,radhia_mejri770@email.tn,36e0c338b23efd68,+216 42 667 140,F,patient,2024-04-22,active
771,Khadija,Ben Youssef,khadija_benyoussef771@email.tn,5ac049469e12d2c3,+216 33 745 805,F,staff,2024-01-11,active
772,Mouna,Mejri,mouna_mejri772@email.tn,fce38249fc485f18,+216 37 136 297,F,patient,2020-04-13,active
773,Mounir,Ben Youssef,mounir_benyoussef773@email.tn,a2ad8aace01973bc,+216 28 911 653,M,admin,2023-06-14,active
774,Ines,Hammami,ines_hammami774@email.tn,79d129ed60b0b5e0,+216 63 157 445,F,patient,2020-06-24,active
775,Rayen,Fakhfakh,rayen_fakhfakh775@email.tn,42f50541972d356a,+216 86 569 794,M,patient,2026-01-06,active
776,Youssef,Hammami,youssef_hammami776@email.tn,1ee5ca04c2840e9a,+216 38 600 769,M,admin,2020-03-19,active
777,Tarek,Hamouda,tarek_hamouda777@email.tn,da0ea1183a88538a,+216 36 114 276,M,patient,2020-07-23,inactive
778,Taoufik,Labidi,taoufik_labidi778@email.tn,dcdddb75e4c6bf2d,+216 41 955 705,M,intern,2020-09-18,active
779,Sami,Boukadida,sami_boukadida779@email.tn,7bdf6ceaa1bc90ef,+216 96 918 730,M,patient,2022-06-22,active
780,Mondher,Ferchichi,mondher_ferchichi780@email.tn,a39a1047764dcb35,+216 71 432 223,M,staff,2026-02-13,active
781,Fethi,Hammami,fethi_hammami781@email.tn,cc3e026a0420c86b,+216 95 277 443,M,patient,2020-09-15,active
782,Fethi,Turki,fethi_turki782@email.tn,fabdae4374e01d71,+216 41 813 478,M,patient,2026-03-16,active
783,Aymen,Hammami,aymen_hammami783@email.tn,eb473e5ead7c4f94,+216 37 202 910,M,patient,2024-03-20,active
784,Mounir,Maaloul,mounir_maaloul784@email.tn,2c91078c7a6c828c,+216 20 107 283,M,nurse,2020-12-31,active
785,Soumaya,Hamouda,soumaya_hamouda785@email.tn,d43589e1c75dbcf4,+216 80 808 229,F,intern,2022-04-24,active
786,Cyrine,Ayari,cyrine_ayari786@email.tn,9e974e0dedef2b4c,+216 72 344 278,F,patient,2020-06-03,active
787,Imen,Maaloul,imen_maaloul787@email.tn,bbcdd801f49e5bc6,+216 58 456 528,F,patient,2020-01-19,active
788,Sami,Nefzi,sami_nefzi788@email.tn,2d5a33eb34843499,+216 32 733 470,M,patient,2026-01-19,active
789,Sabah,Rezgui,sabah_rezgui789@email.tn,9bdf7ecc58835a07,+216 46 383 154,F,staff,2022-03-04,active
790,Wassim,Karray,wassim_karray790@email.tn,0fc33efdf4dfe452,+216 80 609 280,M,patient,2021-10-16,active
791,Omar,Douzi,omar_douzi791@email.tn,284a4426be400f89,+216 66 391 314,M,patient,2024-11-15,active
792,Leila,Sfar,leila_sfar792@email.tn,1959820f59125b51,+216 26 650 280,F,patient,2021-10-09,active
793,Emna,Jebali,emna_jebali793@email.tn,a1ee7edfc4d184b0,+216 29 340 838,F,staff,2024-12-26,active
794,Soumaya,Mejri,soumaya_mejri794@email.tn,0914967cfa37ce55,+216 61 335 897,F,admin,2021-03-27,active
795,Tarek,Kraiem,tarek_kraiem795@email.tn,8645fcdd61de7cff,+216 72 990 304,M,intern,2024-03-18,active
796,Adel,Chérif,adel_chérif796@email.tn,441dce8c87524b6e,+216 82 155 546,M,staff,2021-08-16,active
797,Hana,Ben Youssef,hana_benyoussef797@email.tn,8a40988cbff288cd,+216 67 239 568,F,patient,2022-03-06,active
798,Wafa,Ferchichi,wafa_ferchichi798@email.tn,ef1d2b619599c861,+216 36 132 808,F,patient,2020-09-01,active
799,Taoufik,Chebbi,taoufik_chebbi799@email.tn,a448ed9e6764c205,+216 73 275 878,M,staff,2023-11-08,active
800,Zaineb,Khelifi,zaineb_khelifi800@email.tn,616ad9f014dfaba8,+216 98 274 691,F,patient,2026-03-14,active
801,Chokri,Karray,chokri_karray801@email.tn,bb7589dc8aa890b1,+216 86 600 982,M,patient,2022-06-05,active
802,Rim,Ben Ali,rim_benali802@email.tn,27c850a1a5d0d0a6,+216 74 853 993,F,staff,2022-10-07,active
803,Ibtissem,Dridi,ibtissem_dridi803@email.tn,79d53af76219e592,+216 95 252 687,F,patient,2020-01-21,active
804,Ali,Lassoued,ali_lassoued804@email.tn,71063c2f465bbbae,+216 84 134 535,M,patient,2025-12-15,active
805,Ridha,Boukadida,ridha_boukadida805@email.tn,cd5eb7713d56ae5b,+216 50 185 671,M,patient,2020-02-20,active
806,Hajer,Ghannouchi,hajer_ghannouchi806@email.tn,9bf0c9c21c31836b,+216 65 402 344,F,patient,2021-01-06,active
807,Sana,Mansouri,sana_mansouri807@email.tn,8ca4686ca4377c12,+216 78 978 684,F,staff,2020-04-09,inactive
808,Sabah,Ghannouchi,sabah_ghannouchi808@email.tn,8f166b8c989991f0,+216 71 289 908,F,patient,2024-02-26,active
809,Ghassen,Bouazizi,ghassen_bouazizi809@email.tn,24e03af799df9050,+216 69 807 440,M,patient,2025-12-14,active
810,Ferida,Rahali,ferida_rahali810@email.tn,44fbdeca630ea3f2,+216 98 655 689,F,patient,2022-04-28,active
811,Sofien,Boughanmi,sofien_boughanmi811@email.tn,fb47454aa2dcc3b9,+216 62 853 156,M,intern,2025-10-09,inactive
812,Rania,Jebali,rania_jebali812@email.tn,066665d21c703355,+216 69 474 576,F,staff,2020-06-16,active
813,Rayen,Bahri,rayen_bahri813@email.tn,391cbeaca83e8559,+216 28 674 826,M,staff,2022-04-18,active
814,Nesrine,Zghal,nesrine_zghal814@email.tn,97e8e935c7e4c8c9,+216 34 764 589,F,patient,2022-05-09,active
815,Hedi,Mbarki,hedi_mbarki815@email.tn,1e3ca487ce048e60,+216 54 615 796,M,patient,2024-09-28,active
816,Hatem,Mbarki,hatem_mbarki816@email.tn,313b41bd1addfdb3,+216 77 597 613,M,nurse,2025-11-27,active
817,Intissar,Zghal,intissar_zghal817@email.tn,125152ce43916c60,+216 88 399 562,F,patient,2024-02-16,active
818,Walid,Azaiez,walid_azaiez818@email.tn,90f791c40060cbd4,+216 78 189 182,M,patient,2024-05-19,active
819,Nour,Sfar,nour_sfar819@email.tn,6eca585389462ca8,+216 41 382 214,F,staff,2021-08-29,active
820,Khaled,Rezgui,khaled_rezgui820@email.tn,817fc7935de294f2,+216 22 400 526,M,patient,2026-01-26,inactive
821,Mariem,Turki,mariem_turki821@email.tn,8df8b3357586aafb,+216 76 855 760,F,staff,2020-03-28,active
822,Ahmed,Sellami,ahmed_sellami822@email.tn,59a1d55ae8bc6d19,+216 49 954 632,M,patient,2023-10-07,active
823,Radhia,Douzi,radhia_douzi823@email.tn,9b50caf6d0830525,+216 61 597 707,F,patient,2025-12-11,active
824,Raja,Tlili,raja_tlili824@email.tn,f717862fa6467dc9,+216 92 235 908,F,staff,2023-06-09,active
825,Olfa,Lassoued,olfa_lassoued825@email.tn,a5a2483c5291c75f,+216 67 395 888,F,patient,2020-07-12,active
826,Raja,Khelifi,raja_khelifi826@email.tn,d52dfe4728d74c4b,+216 99 264 828,F,patient,2026-01-01,active
827,Oussama,Hamouda,oussama_hamouda827@email.tn,393c541349d0f8a7,+216 39 265 343,M,patient,2021-04-23,active
828,Hela,Ghannouchi,hela_ghannouchi828@email.tn,3f272ed27d413a5d,+216 76 366 478,F,patient,2022-01-25,active
829,Elyès,Hamrouni,elyès_hamrouni829@email.tn,c573f6ffd1c1837e,+216 64 251 481,M,patient,2025-01-10,active
830,Issam,Tlili,issam_tlili830@email.tn,3e86b77ad4bd507c,+216 35 125 514,M,patient,2025-08-07,active
831,Asma,Mzoughi,asma_mzoughi831@email.tn,d9fe77a07406fa07,+216 20 856 659,F,staff,2025-09-09,active
832,Samia,Azaiez,samia_azaiez832@email.tn,22240804dd403ebd,+216 57 872 687,F,patient,2021-08-25,active
833,Khaoula,Hamouda,khaoula_hamouda833@email.tn,4ee21dc24792fa8f,+216 34 849 590,F,nurse,2020-06-13,active
834,Maher,Trabelsi,maher_trabelsi834@email.tn,76fdfc2df08ba5ba,+216 71 732 961,M,patient,2022-06-21,active
835,Hedi,Chaabane,hedi_chaabane835@email.tn,44a1f03be72fb7b7,+216 97 756 299,M,patient,2025-11-26,active
836,Wafa,Trabelsi,wafa_trabelsi836@email.tn,61448bf38e3f69bb,+216 30 651 969,F,patient,2024-12-29,active
837,Samir,Haddad,samir_haddad837@email.tn,e97395627568dbab,+216 44 602 425,M,patient,2025-09-26,inactive
838,Zohra,Mzoughi,zohra_mzoughi838@email.tn,d0b7220b58ff5554,+216 74 478 495,F,patient,2024-03-07,active
839,Mariem,Tlili,mariem_tlili839@email.tn,c536dac0711a0634,+216 77 995 674,F,patient,2020-12-24,active
840,Mouna,Turki,mouna_turki840@email.tn,d85142d8495a6b5f,+216 76 395 267,F,staff,2024-10-02,active
841,Yasmine,Sassi,yasmine_sassi841@email.tn,44355130b746dd60,+216 95 712 188,F,patient,2021-08-11,active
842,Cyrine,Ferchichi,cyrine_ferchichi842@email.tn,42c465c65dbc505c,+216 28 704 874,F,patient,2024-03-19,active
843,Ghofrane,Boughdiri,ghofrane_boughdiri843@email.tn,6252f002534c1086,+216 54 524 279,F,intern,2026-03-26,active
844,Walid,Mathlouthi,walid_mathlouthi844@email.tn,09e57c6f9ab3b161,+216 68 396 667,M,admin,2025-07-02,active
845,Ibtissem,Tlili,ibtissem_tlili845@email.tn,466e9dcd31fd40d0,+216 83 672 857,F,nurse,2025-03-13,active
846,Bilel,Nasri,bilel_nasri846@email.tn,5dcfece910e6c1f7,+216 58 755 954,M,patient,2025-04-19,active
847,Soumaya,Mathlouthi,soumaya_mathlouthi847@email.tn,3db74fb20a803d3a,+216 82 804 760,F,patient,2022-09-29,active
848,Faten,Bouazizi,faten_bouazizi848@email.tn,17582568d04b2d9a,+216 96 863 470,F,staff,2025-05-22,active
849,Ghofrane,Zouari,ghofrane_zouari849@email.tn,82da6e9c82614e41,+216 80 810 937,F,patient,2021-05-04,active
850,Mehdi,Khelifi,mehdi_khelifi850@email.tn,1e21638e6b27edcd,+216 94 159 249,M,patient,2023-08-02,active
851,Lotfi,Khelifi,lotfi_khelifi851@email.tn,67caf63ca20fa382,+216 26 379 469,M,staff,2024-09-14,active
852,Rania,Oueslati,rania_oueslati852@email.tn,6aacfc5d034fda5b,+216 57 642 754,F,patient,2020-11-10,active
853,Fethi,Sfar,fethi_sfar853@email.tn,40fcc44b342175d7,+216 96 870 271,M,patient,2026-02-05,active
854,Thouraya,Ghribi,thouraya_ghribi854@email.tn,d46c5757d3d6f1d2,+216 58 377 801,F,patient,2024-01-24,active
855,Maryem,Ben Ali,maryem_benali855@email.tn,967304dfaabd5129,+216 37 630 388,F,staff,2024-03-07,active
856,Khaoula,Boughdiri,khaoula_boughdiri856@email.tn,cab9724dcde5036c,+216 40 204 323,F,patient,2021-09-25,active
857,Makram,Labidi,makram_labidi857@email.tn,bcf6ba3d0d0b89a6,+216 87 966 644,M,nurse,2026-03-07,active
858,Chokri,Chebbi,chokri_chebbi858@email.tn,1548c1b0a79c8be5,+216 29 219 938,M,staff,2021-06-21,inactive
859,Mariem,Tlili,mariem_tlili859@email.tn,b42a5f465e83f69b,+216 66 242 936,F,patient,2024-12-15,active
860,Hana,Mansouri,hana_mansouri860@email.tn,3814c8b41d86e2f2,+216 58 129 862,F,intern,2021-04-30,active
861,Houssem,Dridi,houssem_dridi861@email.tn,5cba5a559812f6a8,+216 59 228 314,M,patient,2021-06-17,inactive
862,Khadija,Rhouma,khadija_rhouma862@email.tn,3b71e1bfd29ec88e,+216 34 179 119,F,patient,2025-06-06,active
863,Walid,Sfar,walid_sfar863@email.tn,20477cc82fd8f2d3,+216 24 912 775,M,patient,2025-10-04,active
864,Sirine,Boughdiri,sirine_boughdiri864@email.tn,db8f6b0b6cc0161b,+216 52 144 167,F,patient,2023-05-20,active
865,Sami,Boughdiri,sami_boughdiri865@email.tn,a00855f72f237b50,+216 97 310 701,M,patient,2022-03-30,active
866,Ines,Maaloul,ines_maaloul866@email.tn,0e20ed9423087494,+216 38 966 864,F,intern,2023-02-10,inactive
867,Mariem,Khelifi,mariem_khelifi867@email.tn,de16931edf504646,+216 84 899 846,F,patient,2022-09-17,active
868,Amine,Meddeb,amine_meddeb868@email.tn,e8f0d6ba7558ba1b,+216 94 881 114,M,patient,2025-12-06,active
869,Bassem,Khelifi,bassem_khelifi869@email.tn,9570e778fdb460dc,+216 88 104 842,M,staff,2021-02-08,inactive
870,Sara,Hamouda,sara_hamouda870@email.tn,7ef8e599e489978a,+216 95 289 550,F,staff,2021-03-15,active
871,Naima,Jelassi,naima_jelassi871@email.tn,b9c6b9e57d1921de,+216 47 626 333,F,nurse,2024-07-27,active
872,Sirine,Chebbi,sirine_chebbi872@email.tn,71e400515aad893c,+216 34 632 239,F,patient,2025-07-23,active
873,Nadia,Brik,nadia_brik873@email.tn,2d60469d40e1e508,+216 25 184 435,F,patient,2025-07-15,active
874,Raja,Belhaj,raja_belhaj874@email.tn,4c52d33b833185c4,+216 59 803 961,F,patient,2024-12-23,active
875,Amel,Karray,amel_karray875@email.tn,66da918a80d724fc,+216 74 293 977,F,patient,2020-10-12,active
876,Thouraya,Ben Salah,thouraya_bensalah876@email.tn,f4adb69f125030c8,+216 42 113 790,F,patient,2025-07-06,active
877,Latifa,Nefzi,latifa_nefzi877@email.tn,2c97a077033e7a35,+216 30 222 246,F,staff,2024-06-05,active
878,Bechir,Azaiez,bechir_azaiez878@email.tn,85e24451c7d8e9bb,+216 41 166 472,M,patient,2022-03-26,active
879,Sirine,Dridi,sirine_dridi879@email.tn,6e7ce5a11176af00,+216 74 842 611,F,staff,2023-02-14,active
880,Ferida,Ben Mansour,ferida_benmansour880@email.tn,299cb1109c567038,+216 71 464 587,F,staff,2024-07-14,inactive
881,Maryem,Hachani,maryem_hachani881@email.tn,046a5b42fd935a06,+216 78 210 225,F,nurse,2022-10-23,active
882,Ghassen,Ghannouchi,ghassen_ghannouchi882@email.tn,d4e6e4defe61da02,+216 23 201 855,M,intern,2020-08-04,active
883,Thouraya,Trabelsi,thouraya_trabelsi883@email.tn,0279453ed5d1d93f,+216 42 491 719,F,patient,2023-09-01,active
884,Fethi,Bouazizi,fethi_bouazizi884@email.tn,244fef5f3d22afdd,+216 86 885 604,M,nurse,2025-03-23,active
885,Faten,Saidi,faten_saidi885@email.tn,0ac67afbf5687360,+216 53 655 451,F,patient,2026-01-23,active
886,Mondher,Boughanmi,mondher_boughanmi886@email.tn,be0545dc2743e326,+216 35 492 560,M,patient,2023-07-12,active
887,Raja,Hammami,raja_hammami887@email.tn,887b9d293ffa8a41,+216 24 281 670,F,patient,2023-05-26,active
888,Mounir,Jelassi,mounir_jelassi888@email.tn,e52d4d6fd32621b3,+216 37 419 832,M,patient,2024-05-12,active
889,Wissem,Zouari,wissem_zouari889@email.tn,84e6252189f40665,+216 82 775 667,M,intern,2026-01-18,active
890,Nadia,Karray,nadia_karray890@email.tn,178801cc902f71af,+216 40 618 157,F,patient,2024-05-22,active
891,Imen,Zouari,imen_zouari891@email.tn,0fdb3a0887b82004,+216 65 884 391,F,patient,2023-08-05,active
892,Karim,Sassi,karim_sassi892@email.tn,dfab7d9524eb687f,+216 66 457 928,M,patient,2020-04-20,active
893,Naima,Sfar,naima_sfar893@email.tn,d4dac120efd5f4c2,+216 74 453 465,F,patient,2024-08-14,active
894,Tarek,Bouzid,tarek_bouzid894@email.tn,5be3951bcd74ca5a,+216 59 706 186,M,intern,2020-09-25,active
895,Slim,Khelifi,slim_khelifi895@email.tn,f44f5d03d37fbfbd,+216 22 651 433,M,patient,2020-06-02,active
896,Hela,Saidi,hela_saidi896@email.tn,d150b97f3cb746f0,+216 73 373 120,F,patient,2025-04-07,active
897,Naima,Missaoui,naima_missaoui897@email.tn,b4a1794b7756a460,+216 69 430 686,F,patient,2021-02-04,active
898,Houssem,Zouari,houssem_zouari898@email.tn,e1f0e34e656fb25a,+216 46 444 608,M,patient,2025-08-21,active
899,Sana,Labidi,sana_labidi899@email.tn,6ce507df336873cf,+216 58 472 546,F,patient,2022-04-06,active
900,Issam,Souissi,issam_souissi900@email.tn,09463574555211d5,+216 56 371 148,M,admin,2023-05-02,inactive
901,Olfa,Labidi,olfa_labidi901@email.tn,d38b83ea11b69765,+216 31 834 964,F,patient,2021-01-23,active
902,Nour,Missaoui,nour_missaoui902@email.tn,9cc6db5811ba9444,+216 87 586 537,F,patient,2022-05-09,active
903,Rayen,Meddeb,rayen_meddeb903@email.tn,b61cc53ad49da8e2,+216 58 616 923,M,patient,2023-05-13,active
904,Wafa,Turki,wafa_turki904@email.tn,ccb49d1a0ce2b0c5,+216 71 357 739,F,patient,2025-10-11,active
905,Ahmed,Rezgui,ahmed_rezgui905@email.tn,a76dfc8e8c90ec41,+216 86 983 291,M,patient,2025-08-06,active
906,Rim,Rezgui,rim_rezgui906@email.tn,01e1d7371503fe54,+216 88 928 729,F,staff,2024-11-11,inactive
907,Khaled,Mejri,khaled_mejri907@email.tn,ce3234b644b4c719,+216 66 573 251,M,patient,2022-09-11,active
908,Houda,Turki,houda_turki908@email.tn,7b034630deab8f00,+216 60 980 950,F,patient,2020-09-20,active
909,Rim,Meddeb,rim_meddeb909@email.tn,f29b51367d5d5322,+216 56 761 264,F,staff,2022-11-16,active
910,Nabil,Bouzid,nabil_bouzid910@email.tn,eef883585bcae42f,+216 34 253 296,M,nurse,2020-04-23,active
911,Raja,Boukadida,raja_boukadida911@email.tn,73e54a7f05a99ebd,+216 91 546 532,F,patient,2020-05-31,active
912,Yasmine,Trabelsi,yasmine_trabelsi912@email.tn,23bd3566658bd489,+216 53 908 922,F,staff,2023-02-11,active
913,Rayen,Karray,rayen_karray913@email.tn,e8efdc0e6bb9632d,+216 25 839 597,M,nurse,2020-03-22,active
914,Hedi,Belhaj,hedi_belhaj914@email.tn,7b0acb006ff104e5,+216 58 987 165,M,patient,2024-07-25,active
915,Nabil,Sassi,nabil_sassi915@email.tn,fb2b54568dc2f507,+216 37 341 214,M,patient,2025-08-11,inactive
916,Faten,Boughanmi,faten_boughanmi916@email.tn,e34763ed91136cde,+216 31 343 714,F,admin,2021-05-15,active
917,Khaoula,Sassi,khaoula_sassi917@email.tn,d3d1735de5220e5e,+216 94 854 499,F,patient,2022-08-24,inactive
918,Bilel,Sfar,bilel_sfar918@email.tn,2074f1810188a63c,+216 42 319 381,M,patient,2024-12-05,active
919,Mounir,Zghal,mounir_zghal919@email.tn,cd78851142304a9d,+216 67 816 215,M,nurse,2023-07-20,active
920,Thouraya,Bouzid,thouraya_bouzid920@email.tn,e833a968a2260c9f,+216 55 903 248,F,admin,2024-01-26,active
921,Lobna,Trabelsi,lobna_trabelsi921@email.tn,79d15d5f14854c3d,+216 97 135 961,F,patient,2020-08-11,active
922,Mehdi,Bahri,mehdi_bahri922@email.tn,a67617fa2497e61b,+216 69 416 754,M,staff,2024-01-26,inactive
923,Issam,Sellami,issam_sellami923@email.tn,efd8afbcbb43f346,+216 50 978 553,M,patient,2024-05-10,active
924,Dorra,Tlili,dorra_tlili924@email.tn,865de50213d26832,+216 31 942 874,F,patient,2022-08-22,active
925,Ridha,Rezgui,ridha_rezgui925@email.tn,320f1b88f4463eef,+216 60 931 885,M,patient,2024-07-22,active
926,Salma,Meddeb,salma_meddeb926@email.tn,2c56e292362f3c25,+216 82 582 854,F,patient,2024-08-18,inactive
927,Intissar,Jelassi,intissar_jelassi927@email.tn,f80ba2df40e3b7ff,+216 32 944 264,F,admin,2022-12-04,active
928,Soumaya,Belhaj,soumaya_belhaj928@email.tn,eda14769d11b366d,+216 90 855 434,F,patient,2025-01-30,active
929,Rayen,Douzi,rayen_douzi929@email.tn,01a6b1447d74ebe1,+216 43 745 554,M,patient,2021-07-11,active
930,Ghassen,Tlili,ghassen_tlili930@email.tn,08930a54a672c2eb,+216 60 689 184,M,intern,2021-03-29,active
931,Mourad,Zouari,mourad_zouari931@email.tn,fa0c84a1b630a054,+216 72 911 427,M,patient,2025-01-23,active
932,Mehdi,Mathlouthi,mehdi_mathlouthi932@email.tn,6b4d2a606790a45f,+216 95 946 435,M,intern,2023-02-28,active
933,Sara,Mathlouthi,sara_mathlouthi933@email.tn,6f19f705ef45fcd0,+216 70 997 486,F,staff,2022-07-08,active
934,Makram,Douzi,makram_douzi934@email.tn,512b6dd9a0f30186,+216 98 741 334,M,staff,2020-12-30,inactive
935,Mehdi,Hamouda,mehdi_hamouda935@email.tn,68697e5bbc8c2c59,+216 41 150 510,M,staff,2024-10-22,active
936,Hamza,Ben Salah,hamza_bensalah936@email.tn,a4b24521a799a87e,+216 41 680 220,M,admin,2020-02-27,active
937,Sabah,Boughdiri,sabah_boughdiri937@email.tn,c46b4e94d8044d74,+216 78 947 789,F,intern,2025-07-17,active
938,Walid,Sellami,walid_sellami938@email.tn,13f1670a2ea983fe,+216 54 394 864,M,patient,2025-07-17,active
939,Hajer,Belhaj,hajer_belhaj939@email.tn,493654b126c86d65,+216 47 943 389,F,nurse,2022-02-14,active
940,Maryem,Trabelsi,maryem_trabelsi940@email.tn,ae84b1ef952562c7,+216 57 368 341,F,staff,2025-01-21,inactive
941,Ibtissem,Zouari,ibtissem_zouari941@email.tn,e9f598f43c71e3b5,+216 78 187 110,F,patient,2025-04-04,active
942,Khadija,Haddad,khadija_haddad942@email.tn,b3402a8a986a6f91,+216 47 830 492,F,patient,2024-09-29,active
943,Nour,Sfar,nour_sfar943@email.tn,ffa32a3f3c76521e,+216 91 160 153,F,patient,2023-09-25,inactive
944,Mariem,Belhaj,mariem_belhaj944@email.tn,6fd40af6c4862c83,+216 96 826 866,F,patient,2020-07-05,active
945,Lobna,Haddad,lobna_haddad945@email.tn,056318c19d93a68b,+216 67 235 672,F,patient,2020-06-17,active
946,Sana,Saidi,sana_saidi946@email.tn,43ce7e2d0dd63ff1,+216 83 447 998,F,patient,2025-04-01,active
947,Intissar,Nefzi,intissar_nefzi947@email.tn,0a382a8762ee3b3c,+216 75 245 366,F,nurse,2021-04-23,active
948,Mounir,Sellami,mounir_sellami948@email.tn,2fe120482aba886b,+216 55 865 469,M,patient,2024-10-27,active
949,Imen,Sassi,imen_sassi949@email.tn,cfb654c93904dd84,+216 53 629 420,F,staff,2024-11-19,active
950,Mouna,Boukadida,mouna_boukadida950@email.tn,e590d74468cb73d0,+216 39 669 973,F,patient,2024-12-07,active
951,Omar,Dridi,omar_dridi951@email.tn,7ea1daaa79b5d311,+216 43 136 581,M,patient,2022-12-01,active
952,Houda,Jebali,houda_jebali952@email.tn,fdc497f189904bc8,+216 83 141 552,F,nurse,2023-12-31,inactive
953,Raja,Boukadida,raja_boukadida953@email.tn,c402a23f9bb848c8,+216 34 966 837,F,nurse,2021-08-29,active
954,Rami,Sellami,rami_sellami954@email.tn,35d69a52348017b5,+216 56 284 954,M,patient,2021-11-20,active
955,Hela,Azaiez,hela_azaiez955@email.tn,1bd4837ce497bd15,+216 94 317 697,F,patient,2020-01-17,active
956,Chokri,Boughdiri,chokri_boughdiri956@email.tn,f78fe213e885058c,+216 29 352 886,M,staff,2025-08-02,active
957,Ines,Oueslati,ines_oueslati957@email.tn,b88ef0e1f53fb788,+216 35 503 482,F,staff,2021-03-10,active
958,Ahmed,Maaloul,ahmed_maaloul958@email.tn,6ff70b85d45dcebc,+216 78 950 824,M,staff,2025-05-19,active
959,Zaineb,Fakhfakh,zaineb_fakhfakh959@email.tn,de4c9b2f012af9d8,+216 20 437 144,F,patient,2025-01-29,active
960,Rami,Sellami,rami_sellami960@email.tn,12bff9272c7eb319,+216 26 920 759,M,patient,2023-03-04,active
961,Bechir,Bouazizi,bechir_bouazizi961@email.tn,6030d7efd33b2151,+216 90 716 490,M,staff,2021-01-14,active
962,Tarek,Hachani,tarek_hachani962@email.tn,0381d4f49030bf51,+216 71 191 121,M,patient,2022-05-02,active
963,Amel,Douzi,amel_douzi963@email.tn,7c96c0e5ac8ba130,+216 39 223 405,F,patient,2025-07-03,active
964,Thouraya,Belhaj,thouraya_belhaj964@email.tn,65ac258997245757,+216 36 467 781,F,intern,2021-01-28,active
965,Mounir,Ayari,mounir_ayari965@email.tn,c353b6025e58e0c6,+216 69 587 374,M,admin,2026-04-25,active
966,Fethi,Jelassi,fethi_jelassi966@email.tn,0568ec65dc447fef,+216 67 728 290,M,intern,2024-11-13,active
967,Ali,Saidi,ali_saidi967@email.tn,ac8e5968d870e9af,+216 63 574 792,M,staff,2022-07-07,active
968,Mounir,Nefzi,mounir_nefzi968@email.tn,80cf835c0f5a0400,+216 87 185 397,M,admin,2025-04-01,active
969,Lobna,Mzoughi,lobna_mzoughi969@email.tn,b44b45d73969fdf2,+216 36 800 407,F,staff,2022-10-15,active
970,Hela,Chaabane,hela_chaabane970@email.tn,bfbb047f90ed5093,+216 90 178 146,F,patient,2025-10-03,active
971,Soumaya,Sfar,soumaya_sfar971@email.tn,f1fa5e81f5b54d98,+216 79 776 837,F,patient,2022-11-03,active
972,Habib,Saidi,habib_saidi972@email.tn,1422374a22a2bff0,+216 22 216 858,M,staff,2025-03-10,active
973,Nabil,Hammami,nabil_hammami973@email.tn,25c0822d361a95bd,+216 30 526 997,M,staff,2023-05-04,active
974,Ferida,Fakhfakh,ferida_fakhfakh974@email.tn,d8c8c199f8245447,+216 77 738 927,F,intern,2022-12-21,active
975,Rami,Mathlouthi,rami_mathlouthi975@email.tn,b6f4283939bedc6a,+216 30 864 718,M,patient,2022-11-28,active
976,Mondher,Zghal,mondher_zghal976@email.tn,8318b3a6a2ab6f5b,+216 22 105 504,M,nurse,2021-04-22,active
977,Raja,Hamouda,raja_hamouda977@email.tn,b009dd5fb7e7d736,+216 71 989 773,F,patient,2025-06-16,active
978,Khadija,Zouari,khadija_zouari978@email.tn,67a5a1e35468e715,+216 70 923 409,F,intern,2020-12-24,active
979,Walid,Jebali,walid_jebali979@email.tn,1669b667b752c4a6,+216 22 812 292,M,patient,2020-04-19,active
980,Rayen,Bouzid,rayen_bouzid980@email.tn,c4e94a3211116c73,+216 75 962 741,M,patient,2026-01-15,active
981,Sabah,Chebbi,sabah_chebbi981@email.tn,091b5f32b24513bb,+216 38 585 532,F,patient,2020-03-30,active
982,Bechir,Hamouda,bechir_hamouda982@email.tn,70f603e6219b9222,+216 76 596 582,M,nurse,2020-03-21,active
983,Walid,Oueslati,walid_oueslati983@email.tn,715a87285f94f967,+216 92 949 953,M,patient,2024-05-23,active
984,Amine,Rezgui,amine_rezgui984@email.tn,f136372dcd80d177,+216 75 525 968,M,patient,2025-07-23,active
985,Leila,Boukadida,leila_boukadida985@email.tn,7a8b1158b642216b,+216 71 597 625,F,patient,2025-06-21,active
986,Khaled,Trabelsi,khaled_trabelsi986@email.tn,0318d4f7d0d6c241,+216 74 690 423,M,staff,2026-03-16,active
987,Samia,Jebali,samia_jebali987@email.tn,c4e26df9c11fbd6a,+216 83 737 761,F,staff,2023-11-21,active
988,Ines,Khelifi,ines_khelifi988@email.tn,9a9cc95b62d956a9,+216 56 843 296,F,patient,2025-04-06,active
989,Samir,Dridi,samir_dridi989@email.tn,5aa86b86400dd41c,+216 95 801 447,M,staff,2025-04-02,active
990,Baya,Mansouri,baya_mansouri990@email.tn,b445bebb14297aae,+216 69 526 953,F,patient,2024-01-15,active
991,Sofien,Souissi,sofien_souissi991@email.tn,97757133702c9e2e,+216 56 807 867,M,patient,2020-12-19,active
992,Nizar,Mejri,nizar_mejri992@email.tn,23aaad73aad33e37,+216 40 720 603,M,patient,2021-02-17,active
993,Lobna,Bouzid,lobna_bouzid993@email.tn,c23514a172ddc494,+216 46 670 148,F,patient,2020-03-15,active
994,Mariem,Zouari,mariem_zouari994@email.tn,0d8379c51f4539ca,+216 40 278 947,F,patient,2025-08-24,active
995,Slim,Jelassi,slim_jelassi995@email.tn,5c7db1c6a805b32c,+216 34 732 332,M,intern,2021-05-09,active
996,Dorra,Ferchichi,dorra_ferchichi996@email.tn,f3a30cc87e865cac,+216 65 887 147,F,patient,2026-03-31,active
997,Houssem,Sellami,houssem_sellami997@email.tn,110b365173748f64,+216 85 718 785,M,staff,2021-03-02,active
998,Raja,Sassi,raja_sassi998@email.tn,26240d26d5712719,+216 34 208 900,F,staff,2021-02-21,active
999,Samir,Sfar,samir_sfar999@email.tn,8ec0acfac238c096,+216 41 745 220,M,patient,2022-04-21,inactive
1000,Aziz,Oueslati,aziz_oueslati1000@email.tn,51d2db1610562775,+216 76 880 618,M,patient,2025-08-03,active
1001,Bilel,Douzi,bilel_douzi1001@email.tn,b60f2f27489ea12c,+216 66 442 938,M,nurse,2021-07-18,active
1002,Ridha,Turki,ridha_turki1002@email.tn,bd41417b37874ecd,+216 20 351 954,M,patient,2025-04-24,active
1003,Hamza,Rahali,hamza_rahali1003@email.tn,43e0de654899d1b6,+216 67 832 872,M,patient,2024-08-26,active
1004,Bilel,Rhouma,bilel_rhouma1004@email.tn,5186df8da460957b,+216 87 531 906,M,patient,2022-07-23,active
1005,Soumaya,Boughdiri,soumaya_boughdiri1005@email.tn,9227c30eff1f0c6f,+216 72 569 972,F,patient,2025-10-15,active
1006,Ines,Ayari,ines_ayari1006@email.tn,6a91ff74adaf5601,+216 38 888 110,F,nurse,2025-10-20,inactive
1007,Slim,Hamrouni,slim_hamrouni1007@email.tn,4216e68f922dc35e,+216 71 890 268,M,patient,2024-11-12,active
1008,Elyès,Douzi,elyès_douzi1008@email.tn,ef20e00356aabcb9,+216 39 688 159,M,patient,2025-10-30,inactive
1009,Zohra,Boughanmi,zohra_boughanmi1009@email.tn,65bb0222f284efd0,+216 90 994 411,F,staff,2023-07-08,inactive
1010,Skander,Azaiez,skander_azaiez1010@email.tn,eb1114f5c7ea2b18,+216 87 725 250,M,nurse,2024-07-12,active
1011,Issam,Labidi,issam_labidi1011@email.tn,11af03b4a3e8d46f,+216 99 767 552,M,staff,2023-11-15,active
1012,Sabah,Mejri,sabah_mejri1012@email.tn,27e5c1452f61a036,+216 58 186 137,F,patient,2026-01-10,active
1013,Khaled,Zghal,khaled_zghal1013@email.tn,def2fb052f4d60bb,+216 56 318 195,M,patient,2025-09-26,active
1014,Ferida,Rezgui,ferida_rezgui1014@email.tn,086ae698fc7966cf,+216 40 123 128,F,patient,2026-01-20,active
1015,Habib,Tlili,habib_tlili1015@email.tn,20071100b112e9d9,+216 74 617 213,M,patient,2020-09-02,active
1016,Ghofrane,Saidi,ghofrane_saidi1016@email.tn,5c7be1a33b29184f,+216 65 226 148,F,staff,2021-05-25,active
1017,Taoufik,Ferchichi,taoufik_ferchichi1017@email.tn,430312b5571bfa08,+216 50 924 863,M,admin,2026-05-05,active
1018,Lotfi,Tlili,lotfi_tlili1018@email.tn,e6a460782db3af91,+216 56 782 903,M,intern,2021-07-27,active
1019,Amine,Hamrouni,amine_hamrouni1019@email.tn,bb21bd7b1eab2bbc,+216 86 696 297,M,intern,2024-01-19,active
1020,Oussama,Jelassi,oussama_jelassi1020@email.tn,c887a981f1217d6c,+216 72 183 194,M,intern,2020-09-11,active
1021,Adel,Souissi,adel_souissi1021@email.tn,f5221fb7aeb801d6,+216 77 179 478,M,patient,2025-11-25,active
1022,Dorra,Chérif,dorra_chérif1022@email.tn,bcd3ca555c10517e,+216 83 751 533,F,patient,2024-12-07,active
1023,Baya,Turki,baya_turki1023@email.tn,72131f8ecd2f0760,+216 40 247 617,F,patient,2021-06-04,active
1024,Yasmine,Mansouri,yasmine_mansouri1024@email.tn,b521bbc6754f4223,+216 85 983 641,F,intern,2021-04-28,active
1025,Samia,Hammami,samia_hammami1025@email.tn,81140ca8cca54ee9,+216 40 672 478,F,patient,2021-05-01,active
1026,Sirine,Jebali,sirine_jebali1026@email.tn,e31d8b911e4e84c6,+216 67 685 396,F,patient,2020-06-13,active
1027,Hatem,Tlili,hatem_tlili1027@email.tn,72216c8b12def3f0,+216 67 410 401,M,nurse,2025-06-13,active
1028,Bilel,Ben Mansour,bilel_benmansour1028@email.tn,1dc41a6624a25989,+216 95 531 149,M,patient,2023-06-03,active
1029,Nizar,Meddeb,nizar_meddeb1029@email.tn,3d39bc04cef5f8f5,+216 82 102 225,M,patient,2026-02-20,active
1030,Chokri,Lassoued,chokri_lassoued1030@email.tn,aa791f3d484cdcfa,+216 93 417 679,M,patient,2025-01-26,inactive
1031,Samia,Sassi,samia_sassi1031@email.tn,1cfbd7e4e768ca5b,+216 97 235 880,F,patient,2021-07-21,active
1032,Ferida,Ayari,ferida_ayari1032@email.tn,3dfb53e3dcb96cdc,+216 77 252 987,F,patient,2023-08-25,active
1033,Naima,Dridi,naima_dridi1033@email.tn,e6713f05477040b8,+216 70 447 653,F,patient,2020-07-06,inactive
1034,Mouna,Rahali,mouna_rahali1034@email.tn,4b71ace18b7f2378,+216 31 986 269,F,patient,2020-04-11,active
1035,Nadia,Douzi,nadia_douzi1035@email.tn,603f78dc4c0fe53b,+216 35 759 672,F,intern,2020-12-14,active
1036,Wissem,Nefzi,wissem_nefzi1036@email.tn,0b5519f45d6161d5,+216 44 868 587,M,patient,2025-08-20,active
1037,Elyès,Zghal,elyès_zghal1037@email.tn,369586e529473a76,+216 43 119 381,M,patient,2022-04-22,active
1038,Salma,Ghribi,salma_ghribi1038@email.tn,7587bbc6742a1126,+216 88 721 428,F,patient,2024-07-03,active
1039,Ines,Ferchichi,ines_ferchichi1039@email.tn,e4ff75079899f736,+216 75 284 524,F,patient,2020-04-08,active
1040,Naima,Nasri,naima_nasri1040@email.tn,f1f12240860a2300,+216 31 217 201,F,patient,2026-01-28,active
1041,Nizar,Nasri,nizar_nasri1041@email.tn,728bb76e67866438,+216 31 257 414,M,patient,2024-07-26,active
1042,Sofien,Hamrouni,sofien_hamrouni1042@email.tn,5dd66db83d9322a0,+216 43 127 830,M,patient,2020-08-27,active
1043,Hedi,Mzoughi,hedi_mzoughi1043@email.tn,31e019a33815d310,+216 72 431 364,M,staff,2024-03-18,inactive
1044,Omar,Mejri,omar_mejri1044@email.tn,b538b18e6b916045,+216 50 870 711,M,staff,2022-08-26,active
1045,Sirine,Rahali,sirine_rahali1045@email.tn,1d7bdea796e08e23,+216 27 425 575,F,staff,2026-03-15,active
1046,Ines,Turki,ines_turki1046@email.tn,5c12ad52ec7374dc,+216 49 119 375,F,intern,2026-03-19,inactive
1047,Tarek,Rhouma,tarek_rhouma1047@email.tn,9f53ee44455cc083,+216 91 767 904,M,patient,2021-05-29,active
1048,Latifa,Maaloul,latifa_maaloul1048@email.tn,2923920197c0e634,+216 84 308 901,F,patient,2021-08-06,active
1049,Tarek,Zghal,tarek_zghal1049@email.tn,4ce379d585c15c6e,+216 74 668 562,M,patient,2020-06-20,active
1050,Imen,Oueslati,imen_oueslati1050@email.tn,8de2775c01cf5a0d,+216 41 100 161,F,staff,2025-05-29,active
1051,Thouraya,Ben Youssef,thouraya_benyoussef1051@email.tn,e15f782c4576befd,+216 64 962 747,F,intern,2022-05-21,active
1052,Leila,Khelifi,leila_khelifi1052@email.tn,81008b5871f01c8a,+216 88 676 171,F,patient,2023-05-16,active
1053,Karim,Brik,karim_brik1053@email.tn,6e328b47ba1ed8d4,+216 91 386 999,M,admin,2024-11-04,active
1054,Thouraya,Ferchichi,thouraya_ferchichi1054@email.tn,dca7191d7f2f062a,+216 53 870 824,F,patient,2025-01-28,active
1055,Khaoula,Souissi,khaoula_souissi1055@email.tn,3e7e165256f04bf0,+216 78 713 436,F,patient,2020-03-06,inactive
1056,Rayen,Ben Ali,rayen_benali1056@email.tn,3f7ad885a9aebc38,+216 97 587 104,M,patient,2020-02-09,active
1057,Nadia,Azaiez,nadia_azaiez1057@email.tn,6bbce0d7985179ea,+216 82 880 502,F,admin,2026-01-13,active
1058,Issam,Trabelsi,issam_trabelsi1058@email.tn,c4df2679642a9d41,+216 76 788 226,M,patient,2023-12-16,inactive
1059,Zaineb,Mbarki,zaineb_mbarki1059@email.tn,75c04b0afc8a3046,+216 69 281 959,F,intern,2020-02-04,active
1060,Wafa,Ayari,wafa_ayari1060@email.tn,e25bb1cdcf22ea78,+216 21 326 860,F,patient,2020-03-22,active
1061,Wafa,Maaloul,wafa_maaloul1061@email.tn,1a64b6cd74edc4b2,+216 98 740 410,F,patient,2022-06-24,active
1062,Sara,Hammami,sara_hammami1062@email.tn,457ceef156578342,+216 55 604 820,F,patient,2022-05-06,active
1063,Sirine,Sellami,sirine_sellami1063@email.tn,9890c84e6c16908d,+216 55 682 612,F,patient,2025-07-16,active
1064,Elyès,Kraiem,elyès_kraiem1064@email.tn,93d95bababd42707,+216 92 788 798,M,staff,2026-05-03,active
1065,Bechir,Bouazizi,bechir_bouazizi1065@email.tn,637c93cdbf838c62,+216 36 365 683,M,patient,2022-07-22,active
1066,Wafa,Karray,wafa_karray1066@email.tn,0d0b35d204882c94,+216 22 809 794,F,patient,2025-12-22,active
1067,Fatma,Jelassi,fatma_jelassi1067@email.tn,a0e4b08205970b05,+216 26 974 430,F,nurse,2024-11-06,active
1068,Rim,Jebali,rim_jebali1068@email.tn,f047c51a03f91acb,+216 86 577 607,F,patient,2024-01-20,active
1069,Aziz,Dridi,aziz_dridi1069@email.tn,e6a56f8db3fe512c,+216 26 384 530,M,patient,2025-12-20,active
1070,Nabil,Mejri,nabil_mejri1070@email.tn,a6aa7c82071ba043,+216 62 183 685,M,patient,2020-04-13,inactive
1071,Houssem,Jelassi,houssem_jelassi1071@email.tn,82845d23b32a2125,+216 29 355 301,M,staff,2021-11-04,active
1072,Ghassen,Rezgui,ghassen_rezgui1072@email.tn,034b7fe619e54667,+216 32 128 591,M,nurse,2024-11-04,active
1073,Dorra,Bouzid,dorra_bouzid1073@email.tn,b1d7e0da1fad9e35,+216 33 584 344,F,intern,2023-10-27,active
1074,Cyrine,Ben Mansour,cyrine_benmansour1074@email.tn,6d1f95ee62dbd12b,+216 50 174 894,F,nurse,2024-12-01,active
1075,Ibtissem,Jebali,ibtissem_jebali1075@email.tn,4f07340166bef751,+216 30 162 134,F,patient,2024-03-25,active
1076,Karim,Chaabane,karim_chaabane1076@email.tn,63ae875caacc259d,+216 76 156 408,M,patient,2024-11-03,active
1077,Makram,Chaabane,makram_chaabane1077@email.tn,7f06c408fad69a03,+216 57 970 490,M,nurse,2024-07-03,active
1078,Olfa,Sellami,olfa_sellami1078@email.tn,953f8ff8677c5134,+216 96 906 775,F,patient,2020-02-13,active
1079,Houda,Boughanmi,houda_boughanmi1079@email.tn,14216b6361da578d,+216 99 734 203,F,nurse,2023-10-23,active
1080,Taoufik,Nefzi,taoufik_nefzi1080@email.tn,a5f5c93cc458040a,+216 62 701 297,M,patient,2021-03-18,active
1081,Aymen,Ben Mansour,aymen_benmansour1081@email.tn,c185ed922f930f27,+216 44 686 229,M,patient,2025-09-15,active
1082,Samia,Brik,samia_brik1082@email.tn,3a05c730205223f3,+216 99 555 290,F,staff,2022-09-22,active
1083,Omar,Ghannouchi,omar_ghannouchi1083@email.tn,42b11330503c510d,+216 59 698 546,M,patient,2025-10-02,inactive
1084,Lobna,Chérif,lobna_chérif1084@email.tn,4e0d183c970a2abe,+216 89 894 249,F,staff,2021-08-26,active
1085,Amel,Ben Salah,amel_bensalah1085@email.tn,0e77de922cfde699,+216 21 630 700,F,patient,2021-08-15,active
1086,Mondher,Mbarki,mondher_mbarki1086@email.tn,1b0eaf1d1a134325,+216 45 305 755,M,intern,2022-04-04,active
1087,Wafa,Fakhfakh,wafa_fakhfakh1087@email.tn,ade549258be4dccf,+216 80 811 808,F,intern,2025-03-29,active
1088,Ibtissem,Missaoui,ibtissem_missaoui1088@email.tn,c3b6310e232ca42e,+216 62 730 406,F,intern,2024-09-10,active
1089,Taoufik,Boughanmi,taoufik_boughanmi1089@email.tn,aeb56d94e33b49dc,+216 25 607 324,M,patient,2020-01-16,active
1090,Taoufik,Labidi,taoufik_labidi1090@email.tn,ec65e135325b5a36,+216 47 344 592,M,patient,2023-09-19,active
1091,Hajer,Haddad,hajer_haddad1091@email.tn,43b121dcbd507d17,+216 43 945 106,F,patient,2024-01-26,active
1092,Ines,Bahri,ines_bahri1092@email.tn,3be9d817becd3079,+216 34 245 397,F,nurse,2024-12-08,active
1093,Leila,Trabelsi,leila_trabelsi1093@email.tn,cef1c2d2a1fe4f18,+216 45 302 390,F,admin,2021-12-14,active
1094,Baya,Mathlouthi,baya_mathlouthi1094@email.tn,ced9a86fc4f7b819,+216 63 967 667,F,staff,2022-10-04,active
1095,Nizar,Sassi,nizar_sassi1095@email.tn,fe6f76e59b6b2184,+216 53 203 121,M,staff,2021-07-16,active
1096,Slim,Souissi,slim_souissi1096@email.tn,4842f060dd29b147,+216 59 567 345,M,patient,2024-02-23,active
1097,Khaled,Ghribi,khaled_ghribi1097@email.tn,c96758b2b1ce4c46,+216 99 544 999,M,intern,2020-09-24,active
1098,Walid,Mejri,walid_mejri1098@email.tn,9b62da3c205f8a07,+216 88 487 811,M,patient,2024-03-12,active
1099,Ghofrane,Bouzid,ghofrane_bouzid1099@email.tn,9fc87ed022bca820,+216 25 881 730,F,patient,2022-02-13,active
1100,Maryem,Hamrouni,maryem_hamrouni1100@email.tn,5bd06e48e7ac104b,+216 51 154 744,F,patient,2023-02-21,active
1101,Hajer,Brik,hajer_brik1101@email.tn,2d754ea9632cd45d,+216 30 903 581,F,patient,2020-09-22,active
1102,Ferida,Boughanmi,ferida_boughanmi1102@email.tn,077213b8bc8dc5bc,+216 85 483 610,F,patient,2025-10-26,active
1103,Intissar,Ben Salah,intissar_bensalah1103@email.tn,9294f809fa990e03,+216 87 811 594,F,nurse,2025-07-19,active
1104,Ghofrane,Boughdiri,ghofrane_boughdiri1104@email.tn,bf17b03c94635780,+216 94 765 137,F,nurse,2022-04-28,active
1105,Ridha,Sellami,ridha_sellami1105@email.tn,9b3113ecd0f7d850,+216 50 505 323,M,patient,2023-06-07,active
1106,Hela,Khelifi,hela_khelifi1106@email.tn,15ec9fe2ccf86412,+216 67 360 663,F,intern,2020-12-13,active
1107,Bassem,Ayari,bassem_ayari1107@email.tn,30248db505744889,+216 86 460 335,M,staff,2020-06-17,active
1108,Houda,Ayari,houda_ayari1108@email.tn,bdd3aba6551856bb,+216 79 542 518,F,staff,2024-02-14,active
1109,Rim,Ben Youssef,rim_benyoussef1109@email.tn,e15c55a2c67e6ea4,+216 23 283 552,F,staff,2022-08-15,active
1110,Lotfi,Azaiez,lotfi_azaiez1110@email.tn,685de440481f860a,+216 30 401 962,M,patient,2025-08-17,active
1111,Skander,Dridi,skander_dridi1111@email.tn,38c7d57b1870ed73,+216 32 221 173,M,intern,2024-01-15,active
1112,Slim,Mejri,slim_mejri1112@email.tn,0bd17b35ab45b253,+216 62 356 409,M,patient,2023-01-29,active
1113,Fethi,Mansouri,fethi_mansouri1113@email.tn,9974323c83485bbb,+216 89 367 108,M,intern,2023-05-11,active
1114,Zohra,Haddad,zohra_haddad1114@email.tn,494a85abf48b1353,+216 94 875 771,F,patient,2020-02-18,active
1115,Nabil,Dridi,nabil_dridi1115@email.tn,e259426a0d02faad,+216 49 840 867,M,patient,2022-05-09,active
1116,Baya,Meddeb,baya_meddeb1116@email.tn,e14d9bf586c47fce,+216 79 448 910,F,staff,2020-12-17,active
1117,Mondher,Hachani,mondher_hachani1117@email.tn,a3fcdd11adf4442e,+216 73 314 549,M,staff,2025-01-17,active
1118,Hatem,Ghannouchi,hatem_ghannouchi1118@email.tn,700e161eee24948a,+216 93 994 231,M,nurse,2023-06-05,inactive
1119,Mounir,Ghribi,mounir_ghribi1119@email.tn,5bd3ad470e2da40a,+216 65 447 330,M,patient,2024-09-12,active
1120,Ferida,Hachani,ferida_hachani1120@email.tn,84d91679604e592b,+216 88 406 433,F,patient,2020-04-05,active
1121,Karim,Mzoughi,karim_mzoughi1121@email.tn,3f62a216fc22251e,+216 62 681 744,M,patient,2024-05-20,inactive
1122,Nabil,Bouazizi,nabil_bouazizi1122@email.tn,59d9dc8bea27d30e,+216 88 495 292,M,patient,2025-04-28,active
1123,Ghofrane,Azaiez,ghofrane_azaiez1123@email.tn,599e9b8c0197d005,+216 58 195 275,F,patient,2021-03-03,active
1124,Ali,Meddeb,ali_meddeb1124@email.tn,0b1af9662635424f,+216 97 600 127,M,staff,2022-02-03,active
1125,Amel,Souissi,amel_souissi1125@email.tn,cb2a24101b4c9e0f,+216 49 398 775,F,patient,2025-11-17,active
1126,Hatem,Nefzi,hatem_nefzi1126@email.tn,20f5945c441c1879,+216 21 275 434,M,intern,2024-08-09,active
1127,Karim,Zghal,karim_zghal1127@email.tn,15389c5536696cea,+216 73 589 860,M,patient,2020-10-08,active
1128,Karim,Sellami,karim_sellami1128@email.tn,f197cabe182383a1,+216 46 417 542,M,patient,2025-04-28,active
1129,Ibtissem,Mejri,ibtissem_mejri1129@email.tn,9615eb42f4e3fa41,+216 84 833 801,F,patient,2025-02-22,active
1130,Bilel,Ayari,bilel_ayari1130@email.tn,9f338795623351c4,+216 28 944 508,M,patient,2022-10-08,active
1131,Raja,Chebbi,raja_chebbi1131@email.tn,afc6f2795e9452e4,+216 93 140 854,F,patient,2021-01-08,active
1132,Mariem,Hamouda,mariem_hamouda1132@email.tn,c924d0049b0353f5,+216 58 500 727,F,staff,2021-12-18,active
1133,Sofien,Brik,sofien_brik1133@email.tn,fd79792632736c6d,+216 75 568 493,M,staff,2022-01-21,active
1134,Nabil,Hamouda,nabil_hamouda1134@email.tn,771114bd450c0c2c,+216 25 345 991,M,patient,2021-10-08,active
1135,Sawsen,Boughdiri,sawsen_boughdiri1135@email.tn,4111ab079adce00f,+216 28 814 843,F,intern,2022-06-08,inactive
1136,Ferida,Bahri,ferida_bahri1136@email.tn,8dc32d225762f197,+216 35 477 178,F,nurse,2021-03-06,active
1137,Soumaya,Ayari,soumaya_ayari1137@email.tn,e539a1ba042e139b,+216 41 358 312,F,patient,2025-09-03,active
1138,Youssef,Rezgui,youssef_rezgui1138@email.tn,5122b77465dfafdc,+216 79 490 451,M,patient,2024-06-23,active
1139,Leila,Ben Ali,leila_benali1139@email.tn,d9903aa97f926fa0,+216 52 217 826,F,patient,2021-07-13,active
1140,Faten,Chebbi,faten_chebbi1140@email.tn,048f68de7fb1f7ea,+216 28 184 661,F,patient,2022-09-19,active
1141,Yasmine,Lassoued,yasmine_lassoued1141@email.tn,df13b2047929f4b4,+216 55 961 265,F,staff,2021-11-29,active
1142,Nizar,Oueslati,nizar_oueslati1142@email.tn,390b59c5ca6aa22c,+216 35 647 859,M,staff,2024-05-19,active
1143,Wassim,Rahali,wassim_rahali1143@email.tn,44b4586b4b7804eb,+216 39 551 466,M,patient,2021-12-29,active
1144,Wassim,Zghal,wassim_zghal1144@email.tn,b27d683a120894e3,+216 47 552 813,M,staff,2020-07-14,active
1145,Zied,Hamouda,zied_hamouda1145@email.tn,2f83469bf88f3768,+216 59 554 153,M,staff,2020-01-20,active
1146,Sabah,Mejri,sabah_mejri1146@email.tn,ea9c7ef22f49452b,+216 51 483 344,F,intern,2022-03-30,active
1147,Ines,Ben Ali,ines_benali1147@email.tn,4f77006e65beda0c,+216 63 940 296,F,intern,2020-09-15,active
1148,Elyès,Khelifi,elyès_khelifi1148@email.tn,64dbee0c7fe65112,+216 41 145 525,M,patient,2025-09-30,active
1149,Asma,Bahri,asma_bahri1149@email.tn,5c756fcfe2197674,+216 44 739 312,F,intern,2026-01-27,active
1150,Sirine,Dridi,sirine_dridi1150@email.tn,6cc6264b0917999b,+216 47 208 465,F,patient,2023-08-17,active
1151,Radhia,Hamrouni,radhia_hamrouni1151@email.tn,fa9cee8b3cf8df7b,+216 21 498 317,F,patient,2025-02-22,active
1152,Radhia,Labidi,radhia_labidi1152@email.tn,82f49125d0cb2219,+216 67 144 168,F,patient,2022-06-14,active
1153,Amira,Mansouri,amira_mansouri1153@email.tn,4ce5ce338a6f4e4f,+216 88 910 970,F,patient,2021-12-03,active
1154,Mourad,Hamrouni,mourad_hamrouni1154@email.tn,f4bc4c03b2af9831,+216 69 794 889,M,patient,2021-06-28,active
1155,Sawsen,Lassoued,sawsen_lassoued1155@email.tn,bb753cae30bf5a30,+216 28 443 118,F,patient,2025-01-12,active
1156,Samir,Chérif,samir_chérif1156@email.tn,0c92070a45f2263a,+216 21 338 121,M,staff,2021-05-23,active
1157,Ferida,Bouzid,ferida_bouzid1157@email.tn,9c5eb3a33d9fc14d,+216 99 181 161,F,patient,2021-07-17,active
1158,Wafa,Mzoughi,wafa_mzoughi1158@email.tn,8241e3626fb24e40,+216 68 309 757,F,intern,2020-06-04,active
1159,Mouna,Boughanmi,mouna_boughanmi1159@email.tn,2670fc4fb72d89f7,+216 62 237 384,F,patient,2023-07-24,active
1160,Khaled,Ben Mansour,khaled_benmansour1160@email.tn,bae85f628ef20104,+216 73 763 932,M,staff,2023-03-27,active
1161,Aziz,Ferchichi,aziz_ferchichi1161@email.tn,af30ed56445fcd26,+216 63 348 310,M,patient,2026-01-18,active
1162,Wassim,Hamouda,wassim_hamouda1162@email.tn,46530266e425e887,+216 48 722 993,M,nurse,2024-04-11,active
1163,Ridha,Rezgui,ridha_rezgui1163@email.tn,6a79b039253205a1,+216 20 166 990,M,staff,2025-07-06,active
1164,Omar,Rezgui,omar_rezgui1164@email.tn,d02fee4384291264,+216 38 309 228,M,patient,2021-01-10,active
1165,Tarek,Saidi,tarek_saidi1165@email.tn,fb5b2a3a68584321,+216 30 536 842,M,patient,2025-03-28,active
1166,Tarek,Jelassi,tarek_jelassi1166@email.tn,2166ffcccdc4eac6,+216 42 720 354,M,staff,2023-05-26,active
1167,Ghofrane,Mejri,ghofrane_mejri1167@email.tn,d005a1a65926bd90,+216 54 983 900,F,staff,2025-05-24,active
1168,Zohra,Ben Youssef,zohra_benyoussef1168@email.tn,d0777901b8a6da1d,+216 41 582 551,F,patient,2024-09-27,active
1169,Ferida,Mzoughi,ferida_mzoughi1169@email.tn,4aa1da54fadc459a,+216 81 120 880,F,staff,2024-04-11,active
1170,Fethi,Boughdiri,fethi_boughdiri1170@email.tn,3903daa8229e4663,+216 58 709 650,M,patient,2021-09-17,active
1171,Mehdi,Ben Youssef,mehdi_benyoussef1171@email.tn,ddc99b72a0991544,+216 79 413 564,M,intern,2023-03-06,active
1172,Nour,Ferchichi,nour_ferchichi1172@email.tn,6b7b717bcad9cddf,+216 37 832 580,F,patient,2022-03-12,active
1173,Mohamed,Ben Ali,mohamed_benali1173@email.tn,52dad0d0f1092670,+216 84 847 842,M,patient,2024-03-12,active
1174,Zohra,Kraiem,zohra_kraiem1174@email.tn,2f74897d10ecf4c1,+216 67 493 601,F,patient,2023-06-14,active
1175,Chokri,Boughanmi,chokri_boughanmi1175@email.tn,64597cdaa5bb0de0,+216 24 227 494,M,intern,2026-05-05,active
1176,Dorra,Hachani,dorra_hachani1176@email.tn,430fc862b43ee1e0,+216 64 621 826,F,patient,2025-06-24,active
1177,Khadija,Chaabane,khadija_chaabane1177@email.tn,405be7fdf05a979e,+216 69 534 853,F,staff,2022-10-07,active
1178,Hatem,Rezgui,hatem_rezgui1178@email.tn,97dc66c6903da2df,+216 23 814 781,M,patient,2021-08-28,active
1179,Thouraya,Mzoughi,thouraya_mzoughi1179@email.tn,db452723eb9f6e9f,+216 52 353 716,F,patient,2021-10-23,active
1180,Rayen,Mansouri,rayen_mansouri1180@email.tn,88125d6e13db6320,+216 69 507 823,M,patient,2020-11-25,active
1181,Mondher,Khelifi,mondher_khelifi1181@email.tn,dc43b48ba732d566,+216 74 358 808,M,staff,2023-05-22,active
1182,Ibtissem,Tlili,ibtissem_tlili1182@email.tn,b8d86c4d71b8c2f7,+216 72 870 997,F,patient,2020-12-30,active
1183,Maryem,Rahali,maryem_rahali1183@email.tn,302ee11b27e4a250,+216 46 866 507,F,staff,2023-06-15,active
1184,Mounir,Ben Ali,mounir_benali1184@email.tn,e8fb22034fb7302d,+216 32 171 892,M,intern,2024-09-07,active
1185,Baya,Jelassi,baya_jelassi1185@email.tn,5b020b25b30b6e92,+216 41 280 483,F,patient,2022-02-02,active
1186,Mounir,Mathlouthi,mounir_mathlouthi1186@email.tn,366bff26286d2194,+216 84 212 561,M,intern,2022-05-20,active
1187,Bechir,Mathlouthi,bechir_mathlouthi1187@email.tn,afb9dff2dae6be95,+216 44 365 992,M,patient,2024-08-01,active
1188,Ghassen,Khelifi,ghassen_khelifi1188@email.tn,cde422825221a584,+216 30 400 187,M,nurse,2024-03-27,active
1189,Slim,Trabelsi,slim_trabelsi1189@email.tn,606329c5d54db3b6,+216 94 340 589,M,patient,2025-06-10,active
1190,Mohamed,Chaabane,mohamed_chaabane1190@email.tn,7bfc1c50850ab4be,+216 54 869 107,M,patient,2020-06-20,active
1191,Zied,Belhaj,zied_belhaj1191@email.tn,da49b35580c85cbc,+216 86 879 372,M,patient,2025-06-13,active
1192,Zaineb,Jelassi,zaineb_jelassi1192@email.tn,392c24c0d4960f3c,+216 63 479 798,F,patient,2023-11-06,inactive
1193,Hatem,Fakhfakh,hatem_fakhfakh1193@email.tn,6ba849af1bd5ce69,+216 71 487 725,M,patient,2020-08-22,inactive
1194,Amira,Ben Ali,amira_benali1194@email.tn,21fa5e6214eb4862,+216 78 991 815,F,staff,2024-07-03,active
1195,Ahmed,Belhaj,ahmed_belhaj1195@email.tn,7e7fa144659e23b7,+216 35 989 643,M,patient,2023-02-18,inactive
1196,Hatem,Ayari,hatem_ayari1196@email.tn,7e6eb3c3e9fbe69f,+216 99 802 774,M,intern,2025-04-30,active
1197,Mohamed,Rezgui,mohamed_rezgui1197@email.tn,8d596b1a4afb6a5f,+216 61 117 748,M,patient,2024-01-15,active
1198,Thouraya,Ayari,thouraya_ayari1198@email.tn,abc859583774da47,+216 49 721 596,F,patient,2024-06-27,active
1199,Lotfi,Jelassi,lotfi_jelassi1199@email.tn,1ee2e35d82f7c013,+216 80 774 977,M,patient,2021-02-15,active
1200,Zaineb,Mejri,zaineb_mejri1200@email.tn,42772d8dacb234f1,+216 38 990 632,F,patient,2025-08-28,active
